Item,Description,Brand,Calories,Serving Size,Nutrients,Nov 2023 Price in Dollars,Percent Change from Nov 2022,Percent Change from Oct 2023
chicken,CHICKEN,Keystone Brand Meats Inc,107.0 kcal,56.0 g,"Fatty acids, total trans: 0.0 g, Carbohydrate, by difference: 0.0 g, Protein: 21.43 g, Vitamin C, total ascorbic acid: 0.0 mg, Total lipid (fat): 1.79 g, Fiber, total dietary: 0.0 g, Calcium, Ca: 0.0 mg, Energy: 107.0 kcal, Iron, Fe: 0.0 mg, Vitamin A, IU: 0.0 IU, Sugars, total including NLEA: 0.0 g, Fatty acids, total saturated: 0.89 g, Sodium, Na: 179.0 mg, Cholesterol: 45.0 mg",0.12/oz,3.1,2.6
yogurt,YOGURT,Agri-Service LLC,94.0 kcal,170.0 ml,"Iron, Fe: 0.0 mg, Calcium, Ca: 118.0 mg, Fiber, total dietary: 0.0 g, Vitamin C, total ascorbic acid: 0.7 mg, Vitamin A, IU: 59.0 IU, Sodium, Na: 41.0 mg, Total lipid (fat): 2.94 g, Energy: 94.0 kcal, Cholesterol: 12.0 mg, Sugars, total including NLEA: 15.88 g, Protein: 2.94 g, Fatty acids, total saturated: 1.76 g, Carbohydrate, by difference: 15.88 g",0.07/oz,,
cereal,CEREAL,"General Mills, Inc.",387.0 kcal,31.0 g,"Fatty acids, total polyunsaturated: 1.61 g, Iron, Fe: 14.52 mg, Riboflavin: 1.371 mg, Vitamin A, IU: 1613.0 IU, Vitamin C, total ascorbic acid: 19.4 mg, Zinc, Zn: 12.1 mg, Calcium, Ca: 323.0 mg, Vitamin B-12: 4.84 µg, Thiamin: 1.0 mg, Magnesium, Mg: 26.0 mg, Carbohydrate, by difference: 83.87 g, Cholesterol: 0.0 mg, Fiber, total dietary: 6.5 g, Sodium, Na: 774.0 mg, Fatty acids, total trans: 0.0 g, Fatty acids, total saturated: 0.0 g, Vitamin D (D2 + D3), International Units: 129.0 IU, Carbohydrate, other: 48.0 g, Total lipid (fat): 3.23 g, Sugars, total including NLEA: 29.03 g, Niacin: 16.129 mg, Vitamin B-6: 1.613 mg, Protein: 6.45 g, Phosphorus, P: 129.0 mg, Energy: 387.0 kcal, Potassium, K: 210.0 mg, Fatty acids, total monounsaturated: 1.61 g",0.27/oz,,
Corn,CORN,"Kcb Industries, L.L.C.",545.0 kcal,33.0 g,"Vitamin D (D2 + D3), International Units: 0.0 IU, Fatty acids, total saturated: 4.55 g, Carbohydrate, by difference: 54.55 g, Energy: 545.0 kcal, Fatty acids, total trans: 0.0 g, Cholesterol: 0.0 mg, Calcium, Ca: 61.0 mg, Sugars, added: 30.3 g, Fiber, total dietary: 6.1 g, Sodium, Na: 152.0 mg, Protein: 6.06 g, Total lipid (fat): 33.33 g, Iron, Fe: 1.21 mg, Potassium, K: 0.0 mg, Sugars, total including NLEA: 24.24 g",0.17/oz,,
Potatoes,POTATOES,THE LITTLE POTATO COMPANY,74.0 kcal,148.0 g,"Iron, Fe: 0.73 mg, Cholesterol: 0.0 mg, Calcium, Ca: 0.0 mg, Vitamin A, IU: 0.0 IU, Vitamin C, total ascorbic acid: 2.4 mg, Sodium, Na: 0.0 mg, Fatty acids, total saturated: 0.0 g, Total lipid (fat): 0.0 g, Carbohydrate, by difference: 16.89 g, Energy: 74.0 kcal, Fatty acids, total trans: 0.0 g, Potassium, K: 439.0 mg, Sugars, total including NLEA: 0.68 g, Fiber, total dietary: 2.0 g, Protein: 2.7 g",0.05/oz,2.7,-2.8
Green beans,GREEN BEANS,"Giant Eagle, Inc.",29.0 kcal,85.0 g,"Protein: 2.35 g, Sugars, total including NLEA: 3.53 g, Sodium, Na: 6.0 mg, Vitamin A, IU: 588.0 IU, Iron, Fe: 0.85 mg, Fatty acids, total trans: 0.0 g, Fiber, total dietary: 2.4 g, Carbohydrate, by difference: 7.06 g, Energy: 29.0 kcal, Total lipid (fat): 0.0 g, Cholesterol: 0.0 mg, Fatty acids, total saturated: 0.0 g, Vitamin C, total ascorbic acid: 10.6 mg, Calcium, Ca: 47.0 mg",0.21/oz,,
Carrots,CARROTS,"Giant Eagle, Inc.",38.0 kcal,78.0 g,"Sodium, Na: 77.0 mg, Total lipid (fat): 0.0 g, Calcium, Ca: 26.0 mg, Carbohydrate, by difference: 8.97 g, Fatty acids, total saturated: 0.0 g, Cholesterol: 0.0 mg, Iron, Fe: 0.51 mg, Fatty acids, total trans: 0.0 g, Energy: 38.0 kcal, Sugars, total including NLEA: 6.41 g, Vitamin D (D2 + D3), International Units: 0.0 IU, Fiber, total dietary: 2.6 g, Potassium, K: 321.0 mg, Protein: 1.28 g",0.53/oz,,
Tomatoes,TOMATOES,Raley's,22.0 kcal,114.0 GRM,"Calcium, Ca: 18.0 mg, Sugars, total including NLEA: 2.63 g, Fatty acids, total trans: 0.0 g, Energy: 22.0 kcal, Total lipid (fat): 0.0 g, Cholesterol: 0.0 mg, Fiber, total dietary: 0.9 g, Protein: 0.88 g, Iron, Fe: 1.26 mg, Carbohydrate, by difference: 3.51 g, Fatty acids, total saturated: 0.0 g, Vitamin C, total ascorbic acid: 5.3 mg, Vitamin A, IU: 439.0 IU, Sodium, Na: 18.0 mg",0.12/oz,-14.6,4.2
Bell peppers,BELL PEPPERS,Pero Family Farms Food Company LLC,18.0 kcal,85.0 g,"Sugars, total including NLEA: 2.35 g, Cholesterol: 0.0 mg, Vitamin C, total ascorbic acid: 77.6 mg, Fatty acids, total trans: 0.0 g, Vitamin A, IU: 353.0 IU, Total lipid (fat): 0.0 g, Fatty acids, total saturated: 0.0 g, Protein: 1.18 g, Fiber, total dietary: 1.2 g, Iron, Fe: 0.42 mg, Sodium, Na: 0.0 mg, Calcium, Ca: 0.0 mg, Carbohydrate, by difference: 4.71 g, Energy: 18.0 kcal",0.08/oz,,
Onions,"Onions, raw",Not specified,38.0 kcal,None None,"Protein: 0.86 g, Total lipid (fat): 0.08 g, Carbohydrate, by difference: 8.46 g, Energy: 38.0 kcal, Alcohol, ethyl: 0.0 g, Water: 90.3 g, Caffeine: 0.0 mg, Theobromine: 0.0 mg, Sugars, total including NLEA: 5.8 g, Fiber, total dietary: 1.7 g, Calcium, Ca: 17.0 mg, Iron, Fe: 0.24 mg, Magnesium, Mg: 9.0 mg, Phosphorus, P: 33.0 mg, Potassium, K: 171 mg, Sodium, Na: 1.0 mg, Zinc, Zn: 0.17 mg, Copper, Cu: 0.041 mg, Selenium, Se: 0.0 µg, Retinol: 0.0 µg, Vitamin A, RAE: 0.0 µg, Carotene, beta: 1.0 µg, Carotene, alpha: 0.0 µg, Vitamin E (alpha-tocopherol): 0.02 mg, Vitamin D (D2 + D3): 0.0 µg, Cryptoxanthin, beta: 0.0 µg, Lycopene: 0.0 µg, Lutein + zeaxanthin: 4.0 µg, Vitamin C, total ascorbic acid: 8.2 mg, Thiamin: 0.046 mg, Riboflavin: 0.027 mg, Niacin: 0.116 mg, Vitamin B-6: 0.12 mg, Folate, total: 19.0 µg, Vitamin B-12: 0.0 µg, Choline, total: 6.1 mg, Vitamin K (phylloquinone): 0.4 µg, Folic acid: 0.0 µg, Folate, food: 19.0 µg, Folate, DFE: 19.0 µg, Vitamin E, added: 0.0 mg, Vitamin B-12, added: 0.0 µg, Cholesterol: 0.0 mg, Fatty acids, total saturated: 0.042 g, SFA 4:0: 0.0 g, SFA 6:0: 0.0 g, SFA 8:0: 0.0 g, SFA 10:0: 0.0 g, SFA 12:0: 0.0 g, SFA 14:0: 0.004 g, SFA 16:0: 0.034 g, SFA 18:0: 0.004 g, MUFA 18:1: 0.013 g, PUFA 18:2: 0.013 g, PUFA 18:3: 0.004 g, PUFA 20:4: 0.0 g, PUFA 22:6 n-3 (DHA): 0.0 g, MUFA 16:1: 0.0 g, PUFA 18:4: 0.0 g, MUFA 20:1: 0.0 g, PUFA 20:5 n-3 (EPA): 0.0 g, MUFA 22:1: 0.0 g, PUFA 22:5 n-3 (DPA): 0.0 g, Fatty acids, total monounsaturated: 0.013 g, Fatty acids, total polyunsaturated: 0.017 g",0.07/oz,,
Lettuce,"Lettuce, raw",Not specified,14.0 kcal,None None,"Protein: 1.13 g, Total lipid (fat): 0.14 g, Carbohydrate, by difference: 2.92 g, Energy: 14.0 kcal, Alcohol, ethyl: 0.0 g, Water: 95.3 g, Caffeine: 0.0 mg, Theobromine: 0.0 mg, Sugars, total including NLEA: 1.38 g, Fiber, total dietary: 1.2 g, Calcium, Ca: 27.0 mg, Iron, Fe: 0.64 mg, Magnesium, Mg: 10.0 mg, Phosphorus, P: 24.0 mg, Potassium, K: 168 mg, Sodium, Na: 19.0 mg, Zinc, Zn: 0.16 mg, Copper, Cu: 0.027 mg, Selenium, Se: 0.4 µg, Retinol: 0.0 µg, Vitamin A, RAE: 198 µg, Carotene, beta: 2370.0 µg, Carotene, alpha: 2.0 µg, Vitamin E (alpha-tocopherol): 0.2 mg, Vitamin D (D2 + D3): 0.0 µg, Cryptoxanthin, beta: 0.0 µg, Lycopene: 0.0 µg, Lutein + zeaxanthin: 1000.0 µg, Vitamin C, total ascorbic acid: 6.0 mg, Thiamin: 0.056 mg, Riboflavin: 0.053 mg, Niacin: 0.249 mg, Vitamin B-6: 0.066 mg, Folate, total: 34.0 µg, Vitamin B-12: 0.0 µg, Choline, total: 10.2 mg, Vitamin K (phylloquinone): 75.2 µg, Folic acid: 0.0 µg, Folate, food: 34.0 µg, Folate, DFE: 34.0 µg, Vitamin E, added: 0.0 mg, Vitamin B-12, added: 0.0 µg, Cholesterol: 0.0 mg, Fatty acids, total saturated: 0.019 g, SFA 4:0: 0.0 g, SFA 6:0: 0.0 g, SFA 8:0: 0.0 g, SFA 10:0: 0.0 g, SFA 12:0: 0.0 g, SFA 14:0: 0.0 g, SFA 16:0: 0.017 g, SFA 18:0: 0.002 g, MUFA 18:1: 0.005 g, PUFA 18:2: 0.022 g, PUFA 18:3: 0.055 g, PUFA 20:4: 0.0 g, PUFA 22:6 n-3 (DHA): 0.0 g, MUFA 16:1: 0.002 g, PUFA 18:4: 0.0 g, MUFA 20:1: 0.0 g, PUFA 20:5 n-3 (EPA): 0.0 g, MUFA 22:1: 0.0 g, PUFA 22:5 n-3 (DPA): 0.0 g, Fatty acids, total monounsaturated: 0.006 g, Fatty acids, total polyunsaturated: 0.078 g",0.09/oz,,4.6
Spinach,SPINACH,"Ahold USA, Inc. ",24.0 kcal,85.0 g,"Fiber, total dietary: 2.4 g, Vitamin C, total ascorbic acid: 28.2 mg, Iron, Fe: 3.18 mg, Sugars, total including NLEA: 0.0 g, Folate, total: 188.0 µg, Carbohydrate, by difference: 3.53 g, Fatty acids, total trans: 0.0 g, Sodium, Na: 82.0 mg, Total lipid (fat): 0.0 g, Cholesterol: 0.0 mg, Protein: 3.53 g, Energy: 24.0 kcal, Vitamin A, IU: 6471.0 IU, Fatty acids, total saturated: 0.0 g, Calcium, Ca: 94.0 mg",0.31/oz,,
Broccoli,BROCCOLI,"Wal-Mart Stores, Inc.",24.0 kcal,85.0 GRM,"Sugars, total including NLEA: 1.18 g, Energy: 24.0 kcal, Total lipid (fat): 0.0 g, Fatty acids, total saturated: 0.0 g, Fatty acids, total trans: 0.0 g, Vitamin D (D2 + D3), International Units: 0.0 IU, Iron, Fe: 0.82 mg, Potassium, K: 212.0 mg, Fiber, total dietary: 3.5 g, Protein: 2.35 g, Sodium, Na: 24.0 mg, Cholesterol: 0.0 mg, Carbohydrate, by difference: 4.71 g, Calcium, Ca: 59.0 mg",0.10/oz,,
Cauliflower,CAULIFLOWER,Festive Finer Foods,24.0 kcal,85.0 g,"Energy: 24.0 kcal, Potassium, K: 188.0 mg, Sugars, total including NLEA: 2.35 g, Fiber, total dietary: 2.4 g, Carbohydrate, by difference: 4.71 g, Fatty acids, total trans: 0.0 g, Fatty acids, total saturated: 0.0 g, Vitamin D (D2 + D3), International Units: 0.0 IU, Cholesterol: 0.0 mg, Sodium, Na: 24.0 mg, Calcium, Ca: 24.0 mg, Iron, Fe: 0.59 mg, Protein: 2.35 g, Total lipid (fat): 0.0 g",0.22/oz,,
Cucumbers,CUCUMBERS,C.H. Robinson Company,15.0 kcal,237.0 GRM,"Carbohydrate, by difference: 3.8 g, Sugars, total including NLEA: 1.69 g, Cholesterol: 0.0 mg, Energy: 15.0 kcal, Potassium, K: 148.0 mg, Calcium, Ca: 17.0 mg, Fatty acids, total saturated: 0.0 g, Protein: 0.84 g, Iron, Fe: 0.3 mg, Total lipid (fat): 0.0 g, Fatty acids, total trans: 0.0 g, Fiber, total dietary: 0.4 g, Sodium, Na: 2.0 mg, Vitamin A: 15.0 µg, Vitamin C, total ascorbic acid: 2.5 mg",0.12/oz,,
Zucchini,ZUCCHINI,"KMB, LLC",21.0 kcal,95.0 g,"Fiber, total dietary: 1.1 g, Cholesterol: 0.0 mg, Potassium, K: 222.0 mg, Fatty acids, total trans: 0.0 g, Iron, Fe: 0.44 mg, Fatty acids, total saturated: 0.0 g, Protein: 1.05 g, Calcium, Ca: 21.0 mg, Energy: 21.0 kcal, Sugars, total including NLEA: 3.16 g, Total lipid (fat): 0.0 g, Sodium, Na: 0.0 mg, Vitamin D (D2 + D3), International Units: 0.0 IU, Carbohydrate, by difference: 4.21 g, Vitamin C, total ascorbic acid: 12.6 mg",0.09/oz,,
Peas,PEAS,"Winn-Dixie Stores, Inc.",56.0 kcal,125.0 g,"Fiber, total dietary: 2.4 g, Carbohydrate, by difference: 9.6 g, Fatty acids, total trans: 0.0 g, Total lipid (fat): 0.4 g, Fatty acids, total saturated: 0.0 g, Protein: 3.2 g, Sodium, Na: 240.0 mg, Energy: 56.0 kcal, Calcium, Ca: 16.0 mg, Sugars, total including NLEA: 4.8 g, Cholesterol: 0.0 mg, Vitamin C, total ascorbic acid: 9.6 mg, Potassium, K: 84.0 mg, Vitamin A, IU: 240.0 IU, Iron, Fe: 1.15 mg",0.06/oz,,
Brussels sprouts,BRUSSELS SPROUTS,"Curation Foods, Inc.",41.0 kcal,85.0 g,"Calcium, Ca: 47.0 mg, Iron, Fe: 1.69 mg, Carbohydrate, by difference: 9.41 g, Sugars, total including NLEA: 2.35 g, Sodium, Na: 24.0 mg, Vitamin A, IU: 353.0 IU, Vitamin C, total ascorbic acid: 84.7 mg, Total lipid (fat): 0.35 g, Cholesterol: 0.0 mg, Fatty acids, total trans: 0.0 g, Energy: 41.0 kcal, Fiber, total dietary: 3.5 g, Protein: 3.53 g, Fatty acids, total saturated: 0.12 g",0.18/oz,,
Apples,APPLES,Produce Marketing Association,52.0 kcal,154.0 g,"Total lipid (fat): 0.0 g, Carbohydrate, by difference: 14.29 g, Cholesterol: 0.0 mg, Fiber, total dietary: 3.2 g, Fatty acids, total trans: 0.0 g, Iron, Fe: 0.23 mg, Calcium, Ca: 0.0 mg, Protein: 0.0 g, Potassium, K: 110.0 mg, Energy: 52.0 kcal, Vitamin A, IU: 65.0 IU, Fatty acids, total saturated: 0.0 g, Sugars, total including NLEA: 10.39 g, Vitamin C, total ascorbic acid: 3.1 mg, Sodium, Na: 0.0 mg",0.09/oz,,
Bananas,"Bananas, dehydrated, or banana powder",Not specified,1448.0 kJ,None None,"Water: 3.0 g, Energy: 1448.0 kJ, Protein: 3.89 g, Total lipid (fat): 1.81 g, Ash: 3.02 g, Carbohydrate, by difference: 88.28 g, Fiber, total dietary: 9.9 g, Sugars, total including NLEA: 47.3 g, Calcium, Ca: 22.0 mg, Iron, Fe: 1.15 mg, Magnesium, Mg: 108.0 mg, Phosphorus, P: 74.0 mg, Potassium, K: 1491.0 mg, Sodium, Na: 3.0 mg, Zinc, Zn: 0.61 mg, Copper, Cu: 0.391 mg, Manganese, Mn: 0.574 mg, Selenium, Se: 3.9 µg, Vitamin C, total ascorbic acid: 7.0 mg, Thiamin: 0.18 mg, Riboflavin: 0.24 mg, Niacin: 2.8 mg, Vitamin B-6: 0.44 mg, Folate, total: 14.0 µg, Folic acid: 0.0 µg, Folate, food: 14.0 µg, Folate, DFE: 14.0 µg, Choline, total: 19.6 mg, Vitamin B-12: 0.0 µg, Vitamin B-12, added: 0.0 µg, Vitamin A, RAE: 12.0 µg, Retinol: 0.0 µg, Carotene, beta: 101.0 µg, Carotene, alpha: 96.0 µg, Cryptoxanthin, beta: 0.0 µg, Vitamin A, IU: 248.0 IU, Lycopene: 0.0 µg, Lutein + zeaxanthin: 84.0 µg, Vitamin E (alpha-tocopherol): 0.39 mg, Vitamin E, added: 0.0 mg, Vitamin D (D2 + D3), International Units: 0.0 IU, Vitamin D (D2 + D3): 0.0 µg, Vitamin K (phylloquinone): 2.0 µg, Fatty acids, total saturated: 0.698 g, SFA 4:0: 0.0 g, SFA 6:0: 0.0 g, SFA 8:0: 0.001 g, SFA 10:0: 0.005 g, SFA 12:0: 0.006 g, SFA 14:0: 0.013 g, SFA 16:0: 0.473 g, SFA 18:0: 0.023 g, Fatty acids, total monounsaturated: 0.153 g, MUFA 16:1: 0.045 g, MUFA 18:1: 0.102 g, MUFA 20:1: 0.0 g, MUFA 22:1: 0.0 g, Fatty acids, total polyunsaturated: 0.337 g, PUFA 18:2: 0.211 g, PUFA 18:3: 0.126 g, PUFA 18:4: 0.0 g, PUFA 20:4: 0.0 g, PUFA 20:5 n-3 (EPA): 0.0 g, PUFA 22:5 n-3 (DPA): 0.0 g, PUFA 22:6 n-3 (DHA): 0.0 g, Cholesterol: 0.0 mg, Threonine: 0.171 g, Isoleucine: 0.167 g, Leucine: 0.359 g, Lysine: 0.162 g, Methionine: 0.074 g, Cystine: 0.063 g, Phenylalanine: 0.201 g, Tyrosine: 0.121 g, Valine: 0.282 g, Arginine: 0.176 g, Histidine: 0.333 g, Alanine: 0.222 g, Aspartic acid: 0.503 g, Glutamic acid: 0.399 g, Glycine: 0.19 g, Proline: 0.229 g, Serine: 0.226 g, Alcohol, ethyl: 0.0 g, Caffeine: 0.0 mg, Theobromine: 0.0 mg",0.04/oz,1.9,0.0
Grapes,GRAPES,"Taylor Fresh Foods, Inc.",79.0 kcal,57.0 g,"Potassium, K: 193.0 mg, Fiber, total dietary: 1.8 g, Fatty acids, total trans: 0.0 g, Carbohydrate, by difference: 17.54 g, Protein: 0.0 g, Total lipid (fat): 0.0 g, Sugars, total including NLEA: 15.79 g, Cholesterol: 0.0 mg, Iron, Fe: 0.35 mg, Vitamin D (D2 + D3), International Units: 0.0 IU, Fatty acids, total saturated: 0.0 g, Energy: 79.0 kcal, Sodium, Na: 0.0 mg, Calcium, Ca: 18.0 mg",0.14/oz,,
Oranges,ORANGES,BAGU,49.0 kcal,154.0 g,"Vitamin C, total ascorbic acid: 59.2 mg, Vitamin A, IU: 260.0 IU, Iron, Fe: 0.12 mg, Fatty acids, total saturated: 0.0 g, Calcium, Ca: 45.0 mg, Total lipid (fat): 0.15 g, Fiber, total dietary: 1.9 g, Protein: 0.65 g, Sugars, total including NLEA: 8.44 g, Cholesterol: 0.0 mg, Carbohydrate, by difference: 12.34 g, Sodium, Na: 1.0 mg, Energy: 49.0 kcal",0.10/oz,-0.9,1.0
Strawberries,STRAWBERRIES,"New Seasons Market, LLC",36.0 kcal,140.0 g,"Sugars, total including NLEA: 4.29 g, Sodium, Na: 0.0 mg, Fatty acids, total trans: 0.0 g, Carbohydrate, by difference: 9.29 g, Potassium, K: 150.0 mg, Energy: 36.0 kcal, Iron, Fe: 0.79 mg, Total lipid (fat): 0.0 g, Vitamin D (D2 + D3), International Units: 0.0 IU, Calcium, Ca: 14.0 mg, Protein: 0.71 g, Cholesterol: 0.0 mg, Fatty acids, total saturated: 0.0 g",0.25/oz,,
Blueberries,BLUEBERRIES,WINN-DIXIE,50.0 kcal,140.0 g,"Calcium, Ca: 0.0 mg, Vitamin A, IU: 0.0 IU, Vitamin C, total ascorbic acid: 2.6 mg, Cholesterol: 0.0 mg, Iron, Fe: 0.0 mg, Sodium, Na: 0.0 mg, Fatty acids, total saturated: 0.0 g, Sugars, total including NLEA: 8.57 g, Potassium, K: 57.0 mg, Energy: 50.0 kcal, Fiber, total dietary: 2.9 g, Carbohydrate, by difference: 12.14 g, Total lipid (fat): 0.71 g, Protein: 0.71 g",0.38/oz,,
Watermelon,WATERMELON,Kanani Foods Inc.,31.0 kcal,None g,"Carbohydrate, by difference: 7.45 g, Energy: 31.0 kcal, Cholesterol: 0.0 mg, Sugars, total including NLEA: 6.27 g, Protein: 0.78 g, Sodium, Na: 0.0 mg, Fatty acids, total trans: 0.0 g, Fiber, total dietary: 0.4 g, Total lipid (fat): 0.25 g, Fatty acids, total saturated: 0.0 g",0.30/oz,,
Pears,PEARS,C.H. Robinson Company,60.0 kcal,166.0 GRM,"Fiber, total dietary: 3.6 g, Cholesterol: 0.0 mg, Energy: 60.0 kcal, Potassium, K: 114.0 mg, Fatty acids, total trans: 0.0 g, Iron, Fe: 0.18 mg, Carbohydrate, by difference: 15.66 g, Vitamin D (D2 + D3): 0.0 µg, Sugars, added: 0.0 g, Sugars, total including NLEA: 9.64 g, Total lipid (fat): 0.0 g, Fatty acids, total saturated: 0.0 g, Sodium, Na: 0.0 mg, Protein: 0.6 g, Calcium, Ca: 9.0 mg",0.11/oz,,
Cherries,CHERRIES,"Dell's Maraschino Cherries Co., Inc.",83.0 kcal,6.0 g,"Sodium, Na: 0.0 mg, Protein: 0.0 g, Fiber, total dietary: 0.0 g, Cholesterol: 0.0 mg, Vitamin A, IU: 0.0 IU, Total lipid (fat): 0.0 g, Calcium, Ca: 0.0 mg, Carbohydrate, by difference: 33.33 g, Vitamin C, total ascorbic acid: 0.0 mg, Fatty acids, total trans: 0.0 g, Fatty acids, total saturated: 0.0 g, Sugars, total including NLEA: 16.67 g, Energy: 83.0 kcal, Iron, Fe: 0.0 mg",0.21/oz,,
Plums,"Plum, canned",Not specified,55.0 kcal,None None,"Protein: 0.52 g, Total lipid (fat): 0.23 g, Carbohydrate, by difference: 13.5 g, Energy: 55.0 kcal, Alcohol, ethyl: 0.0 g, Water: 85.4 g, Caffeine: 0.0 mg, Theobromine: 0.0 mg, Sugars, total including NLEA: 12.4 g, Fiber, total dietary: 1.0 g, Calcium, Ca: 5.0 mg, Iron, Fe: 0.13 mg, Magnesium, Mg: 5.0 mg, Phosphorus, P: 12.0 mg, Potassium, K: 106 mg, Sodium, Na: 1.0 mg, Zinc, Zn: 0.08 mg, Copper, Cu: 0.041 mg, Selenium, Se: 0.0 µg, Retinol: 0.0 µg, Vitamin A, RAE: 11.0 µg, Carotene, beta: 121 µg, Carotene, alpha: 0.0 µg, Vitamin E (alpha-tocopherol): 0.2 mg, Vitamin D (D2 + D3): 0.0 µg, Cryptoxanthin, beta: 22.0 µg, Lycopene: 0.0 µg, Lutein + zeaxanthin: 47.0 µg, Vitamin C, total ascorbic acid: 5.7 mg, Thiamin: 0.017 mg, Riboflavin: 0.019 mg, Niacin: 0.281 mg, Vitamin B-6: 0.021 mg, Folate, total: 2.0 µg, Vitamin B-12: 0.0 µg, Choline, total: 1.4 mg, Vitamin K (phylloquinone): 4.8 µg, Folic acid: 0.0 µg, Folate, food: 2.0 µg, Folate, DFE: 2.0 µg, Vitamin E, added: 0.0 mg, Vitamin B-12, added: 0.0 µg, Cholesterol: 0.0 mg, Fatty acids, total saturated: 0.013 g, SFA 4:0: 0.0 g, SFA 6:0: 0.0 g, SFA 8:0: 0.0 g, SFA 10:0: 0.0 g, SFA 12:0: 0.0 g, SFA 14:0: 0.0 g, SFA 16:0: 0.01 g, SFA 18:0: 0.002 g, MUFA 18:1: 0.099 g, PUFA 18:2: 0.033 g, PUFA 18:3: 0.0 g, PUFA 20:4: 0.0 g, PUFA 22:6 n-3 (DHA): 0.0 g, MUFA 16:1: 0.002 g, PUFA 18:4: 0.0 g, MUFA 20:1: 0.0 g, PUFA 20:5 n-3 (EPA): 0.0 g, MUFA 22:1: 0.0 g, PUFA 22:5 n-3 (DPA): 0.0 g, Fatty acids, total monounsaturated: 0.1 g, Fatty acids, total polyunsaturated: 0.033 g",0.33/oz,,
Cantaloupe,CANTALOUPE,Legend Produce L.L.C.,37.0 kcal,134.0 g,"Sodium, Na: 19.0 mg, Carbohydrate, by difference: 8.96 g, Fatty acids, total trans: 0.0 g, Energy: 37.0 kcal, Fiber, total dietary: 0.7 g, Vitamin C, total ascorbic acid: 35.8 mg, Iron, Fe: 0.27 mg, Protein: 0.75 g, Sugars, total including NLEA: 8.21 g, Fatty acids, total saturated: 0.0 g, Cholesterol: 0.0 mg, Calcium, Ca: 15.0 mg, Total lipid (fat): 0.0 g, Vitamin A, IU: 3731.0 IU",0.26/oz,,
Raspberries,RASPBERRIES,"Fruit and Vegetable Warehouse, Inc.",106.0 kcal,142.0 g,"Protein: 0.7 g, Fatty acids, total saturated: 0.0 g, Sugars, total including NLEA: 21.83 g, Vitamin C, total ascorbic acid: 16.9 mg, Vitamin A, IU: 0.0 IU, Fatty acids, total trans: 0.0 g, Energy: 106.0 kcal, Sodium, Na: 0.0 mg, Calcium, Ca: 14.0 mg, Carbohydrate, by difference: 26.06 g, Total lipid (fat): 0.0 g, Iron, Fe: 0.76 mg, Fiber, total dietary: 4.2 g, Cholesterol: 0.0 mg",0.49/oz,,
Blackberries,BLACKBERRIES,Rafael Padilla & Cia S. En C.,59.0 kcal,136.0 g,"Energy: 59.0 kcal, Potassium, K: 140.0 mg, Sodium, Na: 0.0 mg, Sugars, total including NLEA: 11.03 g, Fatty acids, total trans: 0.0 g, Carbohydrate, by difference: 15.44 g, Iron, Fe: 0.81 mg, Protein: 1.47 g, Cholesterol: 0.0 mg, Fatty acids, total saturated: 0.0 g, Vitamin D (D2 + D3), International Units: 0.0 IU, Fiber, total dietary: 5.1 g, Total lipid (fat): 0.37 g, Calcium, Ca: 29.0 mg",0.42/oz,,
Kiwi,KIWI,"Regal Health Food International, Inc.",353.0 kcal,30.0 g,"Protein: 0.0 g, Fiber, total dietary: 3.3 g, Cholesterol: 0.0 mg, Sodium, Na: 140.0 mg, Energy: 353.0 kcal, Carbohydrate, by difference: 86.67 g, Vitamin C, total ascorbic acid: 4.0 mg, Fatty acids, total saturated: 0.0 g, Vitamin A, IU: 0.0 IU, Total lipid (fat): 0.0 g, Sugars, total including NLEA: 66.67 g, Calcium, Ca: 67.0 mg, Fatty acids, total trans: 0.0 g, Iron, Fe: 1.2 mg",0.18/oz,,
Popcorn,POPCORN,Raley's,373.0 kcal,51.0 g,"Calcium, Ca: 0.0 mg, Fiber, total dietary: 11.8 g, Protein: 11.76 g, Vitamin A, IU: 0.0 IU, Sodium, Na: 0.0 mg, Fatty acids, total monounsaturated: 0.98 g, Fatty acids, total saturated: 0.0 g, Energy: 373.0 kcal, Sugars, total including NLEA: 0.0 g, Cholesterol: 0.0 mg, Fatty acids, total trans: 0.0 g, Iron, Fe: 2.82 mg, Carbohydrate, by difference: 72.55 g, Total lipid (fat): 3.92 g, Fatty acids, total polyunsaturated: 2.94 g, Vitamin C, total ascorbic acid: 0.0 mg",0.79/oz,,
Pretzels,PRETZELS,"Coop's Pretzels, LLC",464.0 kcal,28.0 g,"Fatty acids, total trans: 0.0 g, Energy: 464.0 kcal, Fatty acids, total saturated: 0.0 g, Carbohydrate, by difference: 64.29 g, Sodium, Na: 1286.0 mg, Fiber, total dietary: 3.6 g, Protein: 7.14 g, Sugars, total including NLEA: 3.57 g, Cholesterol: 0.0 mg, Total lipid (fat): 21.43 g",0.14/oz,,
Cheese curds,CHEESE CURDS,Bella Strada,393.0 kcal,28.0 g,"Fatty acids, total trans: 0.0 g, Sugars, total including NLEA: 0.0 g, Energy: 393.0 kcal, Calcium, Ca: 714.0 mg, Vitamin C, total ascorbic acid: 0.0 mg, Total lipid (fat): 28.57 g, Sodium, Na: 607.0 mg, Fatty acids, total saturated: 17.86 g, Protein: 25.0 g, Carbohydrate, by difference: 3.57 g, Cholesterol: 107.0 mg, Iron, Fe: 0.0 mg, Vitamin A, IU: 1429.0 IU, Fiber, total dietary: 0.0 g",0.54/oz,,
Trail mix,TRAIL MIX,Rite Aid Corporation,439.0 kcal,57.0 g,"Fatty acids, total trans: 0.0 g, Carbohydrate, by difference: 52.63 g, Vitamin C, total ascorbic acid: 0.0 mg, Sodium, Na: 184.0 mg, Iron, Fe: 3.16 mg, Calcium, Ca: 70.0 mg, Protein: 12.28 g, Energy: 439.0 kcal, Fatty acids, total saturated: 7.02 g, Fiber, total dietary: 7.0 g, Sugars, total including NLEA: 38.6 g, Vitamin A, IU: 0.0 IU, Cholesterol: 0.0 mg, Total lipid (fat): 24.56 g",0.24/oz,,
Beef jerky,Beef jerky,Not specified,410 kcal,None None,"Protein: 33.2 g, Total lipid (fat): 25.6 g, Carbohydrate, by difference: 11.0 g, Energy: 410 kcal, Alcohol, ethyl: 0.0 g, Water: 23.4 g, Caffeine: 0.0 mg, Theobromine: 0.0 mg, Sugars, total including NLEA: 9.0 g, Fiber, total dietary: 1.8 g, Calcium, Ca: 20.0 mg, Iron, Fe: 5.42 mg, Magnesium, Mg: 51.0 mg, Phosphorus, P: 407 mg, Potassium, K: 597 mg, Sodium, Na: 1780.0 mg, Zinc, Zn: 8.11 mg, Copper, Cu: 0.227 mg, Selenium, Se: 10.7 µg, Retinol: 0.0 µg, Vitamin A, RAE: 0.0 µg, Carotene, beta: 0.0 µg, Carotene, alpha: 0.0 µg, Vitamin E (alpha-tocopherol): 0.49 mg, Vitamin D (D2 + D3): 0.3 µg, Cryptoxanthin, beta: 0.0 µg, Lycopene: 0.0 µg, Lutein + zeaxanthin: 0.0 µg, Vitamin C, total ascorbic acid: 0.0 mg, Thiamin: 0.154 mg, Riboflavin: 0.142 mg, Niacin: 1.73 mg, Vitamin B-6: 0.179 mg, Folate, total: 134 µg, Vitamin B-12: 0.99 µg, Choline, total: 109 mg, Vitamin K (phylloquinone): 2.3 µg, Folic acid: 0.0 µg, Folate, food: 134 µg, Folate, DFE: 134 µg, Vitamin E, added: 0.0 mg, Vitamin B-12, added: 0.0 µg, Cholesterol: 48.0 mg, Fatty acids, total saturated: 10.8 g, SFA 4:0: 0.0 g, SFA 6:0: 0.0 g, SFA 8:0: 0.0 g, SFA 10:0: 0.015 g, SFA 12:0: 0.162 g, SFA 14:0: 0.819 g, SFA 16:0: 5.72 g, SFA 18:0: 3.9 g, MUFA 18:1: 10.1 g, PUFA 18:2: 0.81 g, PUFA 18:3: 0.185 g, PUFA 20:4: 0.016 g, PUFA 22:6 n-3 (DHA): 0.0 g, MUFA 16:1: 1.14 g, PUFA 18:4: 0.0 g, MUFA 20:1: 0.071 g, PUFA 20:5 n-3 (EPA): 0.0 g, MUFA 22:1: 0.0 g, PUFA 22:5 n-3 (DPA): 0.0 g, Fatty acids, total monounsaturated: 11.3 g, Fatty acids, total polyunsaturated: 1.01 g",0.55/oz,,
Potato chips,POTATO CHIPS,Conn's Potato Chip Co.,530.0 kcal,None g,"Sugars, total including NLEA: 3.53 g, Fatty acids, total trans: 7.07 g, Energy: 530.0 kcal, Carbohydrate, by difference: 45.94 g, Vitamin C, total ascorbic acid: 31.8 mg, Fiber, total dietary: 3.5 g, Sodium, Na: 777.0 mg, Fatty acids, total saturated: 7.07 g, Calcium, Ca: 0.0 mg, Protein: 3.53 g, Iron, Fe: 1.27 mg, Total lipid (fat): 35.34 g, Cholesterol: 0.0 mg, Vitamin A, IU: 0.0 IU",0.59/oz,-1.3,-5.4
Granola bars,GRANOLA BARS,KIND Inc.,429.0 kcal,35.0 GRM,"Sugars, total including NLEA: 17.14 g, Iron, Fe: 3.09 mg, Total lipid (fat): 14.29 g, Vitamin A: 0.0 µg, Vitamin C, total ascorbic acid: 0.0 mg, Cholesterol: 0.0 mg, Carbohydrate, by difference: 65.71 g, Sodium, Na: 286.0 mg, Protein: 5.71 g, Energy: 429.0 kcal, Fatty acids, total saturated: 4.29 g, Fatty acids, total trans: 0.0 g, Fiber, total dietary: 7.1 g, Calcium, Ca: 57.0 mg",0.17/oz,,
Applesauce,APPLESAUCE,PANAREA COUTURE LLC,79.0 kcal,126.0 g,"Vitamin A, IU: 0.0 IU, Sugars, total including NLEA: 18.25 g, Carbohydrate, by difference: 21.43 g, Fiber, total dietary: 1.6 g, Total lipid (fat): 0.0 g, Protein: 0.0 g, Vitamin C, total ascorbic acid: 4.8 mg, Sodium, Na: 0.0 mg, Iron, Fe: 0.0 mg, Calcium, Ca: 0.0 mg, Cholesterol: 0.0 mg, Fatty acids, total trans: 0.0 g, Energy: 79.0 kcal, Fatty acids, total saturated: 1.03 g",0.07/oz,,
peanuts,PEANUTS,"Schnuck Markets, Inc.",571.0 kcal,28.0 g,"Fatty acids, total trans: 0.0 g, Carbohydrate, by difference: 21.43 g, Sugars, total including NLEA: 3.57 g, Energy: 571.0 kcal, Iron, Fe: 2.57 mg, Calcium, Ca: 0.0 mg, Total lipid (fat): 46.43 g, Vitamin A, IU: 0.0 IU, Cholesterol: 0.0 mg, Protein: 21.43 g, Fatty acids, total saturated: 7.14 g, Potassium, K: 643.0 mg, Fiber, total dietary: 7.1 g, Sodium, Na: 607.0 mg, Vitamin C, total ascorbic acid: 0.0 mg",0.15/oz,,
almonds,ALMONDS,Western Nut Company,633.0 kcal,30.0 g,"Total lipid (fat): 56.67 g, Fatty acids, total trans: 0.0 g, Vitamin C, total ascorbic acid: 0.0 mg, Sugars, total including NLEA: 3.33 g, Fiber, total dietary: 10.0 g, Calcium, Ca: 333.0 mg, Protein: 23.33 g, Energy: 633.0 kcal, Carbohydrate, by difference: 13.33 g, Sodium, Na: 367.0 mg, Iron, Fe: 3.6 mg, Cholesterol: 0.0 mg, Fatty acids, total saturated: 5.0 g",0.38/oz,,
Crackers,CRACKERS,DARE,500.0 kcal,14.0 g,"Cholesterol: 0.0 mg, Vitamin D (D2 + D3), International Units: 0.0 IU, Fatty acids, total trans: 0.0 g, Total lipid (fat): 21.43 g, Fatty acids, total saturated: 10.71 g, Protein: 14.29 g, Energy: 500.0 kcal, Potassium, K: 286.0 mg, Iron, Fe: 5.0 mg, Carbohydrate, by difference: 64.29 g, Calcium, Ca: 71.0 mg, Sodium, Na: 607.0 mg, Sugars, added: 7.1 g, Sugars, total including NLEA: 7.14 g, Fiber, total dietary: 7.1 g",0.19/oz,,
Cheese slices,"Cheese, provolone, sliced",Not specified,,None None,"Water: 42.34 g, Energy (Atwater General Factors): 356.794 kcal, Energy (Atwater Specific Factors): 356.900072 kcal, Nitrogen: 3.676 g, Protein: 23.45288 g, Total lipid (fat): 28.13 g, Ash: 3.624 g, Carbohydrate, by difference: 2.45312 g, Calcium, Ca: 748.8 mg, Iron, Fe: 0.0 mg, Magnesium, Mg: 29.5 mg, Phosphorus, P: 494.1 mg, Potassium, K: 94.84 mg, Sodium, Na: 600.9 mg, Zinc, Zn: 3.89 mg, Copper, Cu: 0.0 mg, Manganese, Mn: 0.02996 mg, Iodine, I: 64.27 µg, Retinol: 200.0 µg, Vitamin D (D2 + D3), International Units: 0.0 IU, Vitamin D (D2 + D3): 0.0 µg, Vitamin D2 (ergocalciferol): 0.0 µg, Vitamin D3 (cholecalciferol): 0.0 µg, Fatty acids, total saturated: 16.24 g, SFA 12:0: 0.8364 g, SFA 14:0: 2.635 g, SFA 16:0: 8.017 g, SFA 18:0: 2.288 g, Fatty acids, total monounsaturated: 5.738 g, PUFA 18:2: 0.571 g, Cholesterol: 85.43 mg",0.49/oz,,
Fruit cups,"Candies, REESE'S Peanut Butter Cups",Not specified,2153.0 kJ,None None,"Water: 1.44 g, Energy: 2153.0 kJ, Protein: 10.24 g, Total lipid (fat): 30.53 g, Ash: 2.28 g, Carbohydrate, by difference: 55.36 g, Fiber, total dietary: 3.6 g, Sugars, total including NLEA: 47.17 g, Calcium, Ca: 78.0 mg, Iron, Fe: 1.21 mg, Magnesium, Mg: 62.0 mg, Phosphorus, P: 161.0 mg, Potassium, K: 343.0 mg, Sodium, Na: 357.0 mg, Zinc, Zn: 1.28 mg, Copper, Cu: 0.24 mg, Manganese, Mn: 0.0 mg, Selenium, Se: 1.4 µg, Vitamin C, total ascorbic acid: 0.3 mg, Thiamin: 0.16 mg, Riboflavin: 0.11 mg, Niacin: 4.49 mg, Pantothenic acid: 0.62 mg, Vitamin B-6: 0.1 mg, Folate, total: 50.0 µg, Folic acid: 0.0 µg, Folate, food: 50.0 µg, Folate, DFE: 50.0 µg, Choline, total: 35.4 mg, Vitamin B-12: 0.26 µg, Vitamin B-12, added: 0.0 µg, Vitamin A, RAE: 17.0 µg, Retinol: 17.0 µg, Carotene, beta: 0.0 µg, Carotene, alpha: 0.0 µg, Cryptoxanthin, beta: 0.0 µg, Vitamin A, IU: 56.0 IU, Lycopene: 0.0 µg, Lutein + zeaxanthin: 2.0 µg, Vitamin E (alpha-tocopherol): 0.15 mg, Vitamin E, added: 0.0 mg, Vitamin D (D2 + D3), International Units: 0.0 IU, Vitamin D (D2 + D3): 0.0 µg, Vitamin K (phylloquinone): 2.0 µg, Fatty acids, total saturated: 10.73 g, SFA 4:0: 0.282 g, SFA 6:0: 0.102 g, SFA 8:0: 0.058 g, SFA 10:0: 0.11 g, SFA 12:0: 0.121 g, SFA 13:0: 0.0 g, SFA 14:0: 0.382 g, SFA 15:0: 0.038 g, SFA 16:0: 5.408 g, SFA 17:0: 0.037 g, SFA 18:0: 3.862 g, SFA 20:0: 0.096 g, SFA 22:0: 0.01 g, SFA 24:0: 0.0 g, Fatty acids, total monounsaturated: 13.1 g, MUFA 14:1: 0.039 g, MUFA 15:1: 0.0 g, MUFA 16:1: 0.077 g, MUFA 17:1: 0.012 g, MUFA 18:1: 12.689 g, MUFA 20:1: 0.284 g, MUFA 22:1: 0.0 g, MUFA 24:1 c: 0.0 g, Fatty acids, total polyunsaturated: 5.5 g, PUFA 18:2: 5.438 g, PUFA 18:3: 0.023 g, PUFA 18:4: 0.0 g, PUFA 20:2 n-6 c,c: 0.0 g, PUFA 20:3: 0.0 g, PUFA 20:4: 0.0 g, PUFA 20:5 n-3 (EPA): 0.0 g, PUFA 22:5 n-3 (DPA): 0.0 g, PUFA 22:6 n-3 (DHA): 0.0 g, Fatty acids, total trans: 0.0 g, Cholesterol: 6.0 mg, Alcohol, ethyl: 0.0 g, Caffeine: 7.0 mg, Theobromine: 72.0 mg",0.17/oz,,
marshmallows,MARSHMALLOWS,Paskesz Candy Company,321.0 kcal,28.0 g,"Energy: 321.0 kcal, Carbohydrate, by difference: 78.57 g, Sodium, Na: 89.0 mg, Protein: 3.57 g, Total lipid (fat): 0.0 g, Sugars, total including NLEA: 53.57 g",0.11/oz,,
chocolate,CHOCOLATE,Supreme Chocolatier LLC,565.0 kcal,None g,"Protein: 7.07 g, Carbohydrate, by difference: 53.0 g, Fatty acids, total saturated: 21.2 g, Total lipid (fat): 35.34 g, Fiber, total dietary: 3.5 g, Calcium, Ca: 141.0 mg, Vitamin C, total ascorbic acid: 0.0 mg, Cholesterol: 18.0 mg, Sugars, total including NLEA: 49.47 g, Sodium, Na: 71.0 mg, Vitamin A, IU: 0.0 IU, Energy: 565.0 kcal, Fatty acids, total trans: 0.0 g, Iron, Fe: 1.27 mg",0.55/oz,,
graham crackers,Graham crackers,Not specified,430 kcal,None None,"Protein: 6.69 g, Total lipid (fat): 10.6 g, Carbohydrate, by difference: 77.7 g, Energy: 430 kcal, Alcohol, ethyl: 0.0 g, Water: 3.39 g, Caffeine: 0.0 mg, Theobromine: 0.0 mg, Sugars, total including NLEA: 24.8 g, Fiber, total dietary: 3.4 g, Calcium, Ca: 77.0 mg, Iron, Fe: 3.78 mg, Magnesium, Mg: 40.0 mg, Phosphorus, P: 185 mg, Potassium, K: 170 mg, Sodium, Na: 516 mg, Zinc, Zn: 0.96 mg, Copper, Cu: 0.17 mg, Selenium, Se: 6.3 µg, Retinol: 0.0 µg, Vitamin A, RAE: 0.0 µg, Carotene, beta: 1.0 µg, Carotene, alpha: 0.0 µg, Vitamin E (alpha-tocopherol): 1.51 mg, Vitamin D (D2 + D3): 0.0 µg, Cryptoxanthin, beta: 0.0 µg, Lycopene: 0.0 µg, Lutein + zeaxanthin: 77.0 µg, Vitamin C, total ascorbic acid: 0.0 mg, Thiamin: 0.265 mg, Riboflavin: 0.317 mg, Niacin: 4.44 mg, Vitamin B-6: 0.156 mg, Folate, total: 91.0 µg, Vitamin B-12: 0.0 µg, Choline, total: 5.9 mg, Vitamin K (phylloquinone): 14.3 µg, Folic acid: 72.0 µg, Folate, food: 19.0 µg, Folate, DFE: 142 µg, Vitamin E, added: 0.0 mg, Vitamin B-12, added: 0.0 µg, Cholesterol: 0.0 mg, Fatty acids, total saturated: 1.63 g, SFA 4:0: 0.004 g, SFA 6:0: 0.0 g, SFA 8:0: 0.002 g, SFA 10:0: 0.0 g, SFA 12:0: 0.002 g, SFA 14:0: 0.01 g, SFA 16:0: 1.06 g, SFA 18:0: 0.465 g, MUFA 18:1: 2.46 g, PUFA 18:2: 4.76 g, PUFA 18:3: 0.622 g, PUFA 20:4: 0.005 g, PUFA 22:6 n-3 (DHA): 0.0 g, MUFA 16:1: 0.009 g, PUFA 18:4: 0.0 g, MUFA 20:1: 0.035 g, PUFA 20:5 n-3 (EPA): 0.0 g, MUFA 22:1: 0.001 g, PUFA 22:5 n-3 (DPA): 0.0 g, Fatty acids, total monounsaturated: 2.51 g, Fatty acids, total polyunsaturated: 5.39 g",0.15/oz,,
Rice Krispies,"Snacks, KELLOGG, KELLOGG'S RICE KRISPIES TREATS Squares",Not specified,1743.0 kJ,None None,"Water: 5.9 g, Energy: 1743.0 kJ, Protein: 3.4 g, Total lipid (fat): 9.0 g, Ash: 1.2 g, Carbohydrate, by difference: 80.5 g, Fiber, total dietary: 0.0 g, Sugars, total including NLEA: 19.36 g, Calcium, Ca: 3.0 mg, Iron, Fe: 2.2 mg, Magnesium, Mg: 13.0 mg, Phosphorus, P: 42.0 mg, Potassium, K: 39.0 mg, Sodium, Na: 351.0 mg, Zinc, Zn: 0.5 mg, Copper, Cu: 0.1 mg, Manganese, Mn: 1.601 mg, Selenium, Se: 11.0 µg, Vitamin C, total ascorbic acid: 0.0 mg, Thiamin: 0.7 mg, Riboflavin: 0.8 mg, Niacin: 9.1 mg, Pantothenic acid: 0.0 mg, Vitamin B-6: 0.9 mg, Folate, total: 241.0 µg, Folic acid: 199.0 µg, Folate, food: 42.0 µg, Folate, DFE: 381.0 µg, Choline, total: 0.0 mg, Vitamin B-12: 0.0 µg, Vitamin B-12, added: 0.0 µg, Vitamin A, RAE: 270.0 µg, Retinol: 270.0 µg, Carotene, beta: 0.0 µg, Carotene, alpha: 0.0 µg, Cryptoxanthin, beta: 0.0 µg, Vitamin A, IU: 900.0 IU, Lycopene: 0.0 µg, Lutein + zeaxanthin: 0.0 µg, Vitamin E (alpha-tocopherol): 0.0 mg, Vitamin E, added: 0.0 mg, Vitamin D (D2 + D3), International Units: 0.0 IU, Vitamin D (D2 + D3): 0.0 µg, Vitamin K (phylloquinone): 0.0 µg, Fatty acids, total saturated: 1.4 g, SFA 4:0: 0.0 g, SFA 6:0: 0.0 g, SFA 8:0: 0.0 g, SFA 10:0: 0.0 g, SFA 12:0: 0.0 g, SFA 14:0: 0.009 g, SFA 16:0: 0.878 g, SFA 18:0: 0.324 g, Fatty acids, total monounsaturated: 2.5 g, MUFA 16:1: 0.018 g, MUFA 18:1: 1.943 g, MUFA 20:1: 0.018 g, MUFA 22:1: 0.0 g, Fatty acids, total polyunsaturated: 5.1 g, PUFA 18:2: 4.346 g, PUFA 18:3: 0.579 g, PUFA 18:4: 0.0 g, PUFA 20:4: 0.0 g, PUFA 20:5 n-3 (EPA): 0.0 g, PUFA 22:5 n-3 (DPA): 0.0 g, PUFA 22:6 n-3 (DHA): 0.0 g, Cholesterol: 0.0 mg, Alcohol, ethyl: 0.0 g, Caffeine: 0.0 mg, Theobromine: 0.0 mg",0.27/oz,,
Milk,MILK,Elmhurst Milk & Cream Co.Inc.,55.0 kcal,236.0 ml,"Fiber, total dietary: 0.0 g, Vitamin C, total ascorbic acid: 1.0 mg, Total lipid (fat): 2.12 g, Carbohydrate, by difference: 5.08 g, Energy: 55.0 kcal, Sodium, Na: 55.0 mg, Iron, Fe: 0.0 mg, Fatty acids, total saturated: 1.27 g, Calcium, Ca: 127.0 mg, Cholesterol: 8.0 mg, Protein: 3.39 g, Sugars, total including NLEA: 5.08 g, Vitamin D (D2 + D3), International Units: 42.0 IU, Vitamin A, IU: 212.0 IU, Fatty acids, total trans: 0.0 g",0.02/oz,,
Cheese,CHEESE,Savencia Cheese USA LLC,367.0 kcal,30.0 GRM,"Potassium, K: 97.0 mg, Iron, Fe: 0.0 mg, Fiber, total dietary: 0.0 g, Protein: 16.67 g, Calcium, Ca: 503.0 mg, Cholesterol: 100.0 mg, Sodium, Na: 600.0 mg, Carbohydrate, by difference: 3.33 g, Fatty acids, total trans: 0.0 g, Sugars, added: 0.0 g, Fatty acids, total saturated: 16.67 g, Energy: 367.0 kcal, Vitamin D (D2 + D3): 0.0 µg, Sugars, total including NLEA: 0.0 g, Total lipid (fat): 33.33 g",0.27/oz,-3.3,0.3
steaks,Pepper steak,Not specified,145 kcal,None None,"Protein: 11.9 g, Total lipid (fat): 9.12 g, Carbohydrate, by difference: 4.34 g, Energy: 145 kcal, Alcohol, ethyl: 0.0 g, Water: 73.6 g, Caffeine: 0.0 mg, Theobromine: 0.0 mg, Sugars, total including NLEA: 1.67 g, Fiber, total dietary: 0.7 g, Calcium, Ca: 17.0 mg, Iron, Fe: 1.24 mg, Magnesium, Mg: 16.0 mg, Phosphorus, P: 89.0 mg, Potassium, K: 202 mg, Sodium, Na: 244 mg, Zinc, Zn: 1.96 mg, Copper, Cu: 0.065 mg, Selenium, Se: 11.6 µg, Retinol: 0.0 µg, Vitamin A, RAE: 9.0 µg, Carotene, beta: 101 µg, Carotene, alpha: 7.0 µg, Vitamin E (alpha-tocopherol): 1.26 mg, Vitamin D (D2 + D3): 0.0 µg, Cryptoxanthin, beta: 2.0 µg, Lycopene: 0.0 µg, Lutein + zeaxanthin: 173 µg, Vitamin C, total ascorbic acid: 22.6 mg, Thiamin: 0.054 mg, Riboflavin: 0.083 mg, Niacin: 2.26 mg, Vitamin B-6: 0.256 mg, Folate, total: 13.0 µg, Vitamin B-12: 0.61 µg, Choline, total: 46.0 mg, Vitamin K (phylloquinone): 20.0 µg, Folic acid: 0.0 µg, Folate, food: 13.0 µg, Folate, DFE: 13.0 µg, Vitamin E, added: 0.0 mg, Vitamin B-12, added: 0.0 µg, Cholesterol: 32.0 mg, Fatty acids, total saturated: 2.03 g, SFA 4:0: 0.0 g, SFA 6:0: 0.0 g, SFA 8:0: 0.0 g, SFA 10:0: 0.007 g, SFA 12:0: 0.007 g, SFA 14:0: 0.099 g, SFA 16:0: 1.35 g, SFA 18:0: 0.522 g, MUFA 18:1: 3.51 g, PUFA 18:2: 2.2 g, PUFA 18:3: 0.308 g, PUFA 20:4: 0.008 g, PUFA 22:6 n-3 (DHA): 0.0 g, MUFA 16:1: 0.156 g, PUFA 18:4: 0.0 g, MUFA 20:1: 0.045 g, PUFA 20:5 n-3 (EPA): 0.001 g, MUFA 22:1: 0.0 g, PUFA 22:5 n-3 (DPA): 0.006 g, Fatty acids, total monounsaturated: 3.72 g, Fatty acids, total polyunsaturated: 2.52 g",0.68/oz,21.3,-0.9
burgers,BURGERS,Origin Pork LLC,252.0 kcal,151.0 g,"Iron, Fe: 1.92 mg, Fatty acids, total saturated: 7.28 g, Fatty acids, total trans: 1.32 g, Vitamin D (D2 + D3), International Units: 0.0 IU, Energy: 252.0 kcal, Sodium, Na: 66.0 mg, Potassium, K: 272.0 mg, Calcium, Ca: 20.0 mg, Carbohydrate, by difference: 0.0 g, Total lipid (fat): 19.87 g, Fiber, total dietary: 0.0 g, Sugars, total including NLEA: 0.0 g, Cholesterol: 70.0 mg, Protein: 17.22 g",0.40/oz,,
"Pork (bacon, ham)",Ham or pork with stuffing,Not specified,143 kcal,None None,"Protein: 6.26 g, Total lipid (fat): 8.27 g, Carbohydrate, by difference: 10.4 g, Energy: 143 kcal, Alcohol, ethyl: 0.0 g, Water: 73.9 g, Caffeine: 0.0 mg, Theobromine: 0.0 mg, Sugars, total including NLEA: 1.13 g, Fiber, total dietary: 0.4 g, Calcium, Ca: 21.0 mg, Iron, Fe: 0.71 mg, Magnesium, Mg: 11.0 mg, Phosphorus, P: 62.0 mg, Potassium, K: 108 mg, Sodium, Na: 319 mg, Zinc, Zn: 0.55 mg, Copper, Cu: 0.049 mg, Selenium, Se: 12.4 µg, Retinol: 60.0 µg, Vitamin A, RAE: 63.0 µg, Carotene, beta: 47.0 µg, Carotene, alpha: 0.0 µg, Vitamin E (alpha-tocopherol): 0.78 mg, Vitamin D (D2 + D3): 0.1 µg, Cryptoxanthin, beta: 0.0 µg, Lycopene: 0.0 µg, Lutein + zeaxanthin: 10.0 µg, Vitamin C, total ascorbic acid: 0.1 mg, Thiamin: 0.247 mg, Riboflavin: 0.113 mg, Niacin: 1.76 mg, Vitamin B-6: 0.113 mg, Folate, total: 21.0 µg, Vitamin B-12: 0.13 µg, Choline, total: 19.3 mg, Vitamin K (phylloquinone): 7.3 µg, Folic acid: 10.0 µg, Folate, food: 11.0 µg, Folate, DFE: 28.0 µg, Vitamin E, added: 0.0 mg, Vitamin B-12, added: 0.0 µg, Cholesterol: 13.0 mg, Fatty acids, total saturated: 1.87 g, SFA 4:0: 0.0 g, SFA 6:0: 0.0 g, SFA 8:0: 0.0 g, SFA 10:0: 0.002 g, SFA 12:0: 0.002 g, SFA 14:0: 0.026 g, SFA 16:0: 1.08 g, SFA 18:0: 0.698 g, MUFA 18:1: 3.81 g, PUFA 18:2: 1.91 g, PUFA 18:3: 0.165 g, PUFA 20:4: 0.007 g, PUFA 22:6 n-3 (DHA): 0.0 g, MUFA 16:1: 0.065 g, PUFA 18:4: 0.0 g, MUFA 20:1: 0.027 g, PUFA 20:5 n-3 (EPA): 0.0 g, MUFA 22:1: 0.0 g, PUFA 22:5 n-3 (DPA): 0.001 g, Fatty acids, total monounsaturated: 3.91 g, Fatty acids, total polyunsaturated: 2.09 g",0.28/oz,,
Eggs,EGGS,"Oakdell Egg Farms, Inc.",143.0 kcal,63.0 g,"Zinc, Zn: 1.43 mg, Protein: 12.7 g, Vitamin D (D2 + D3), International Units: 95.0 IU, Vitamin A, IU: 476.0 IU, Energy: 143.0 kcal, Vitamin C, total ascorbic acid: 0.0 mg, Carbohydrate, by difference: 0.0 g, Iron, Fe: 1.71 mg, Folate, total: 51.0 µg, Calcium, Ca: 63.0 mg, Vitamin B-6: 0.19 mg, Riboflavin: 0.405 mg, Potassium, K: 135.0 mg, Phosphorus, P: 238.0 mg, Sodium, Na: 143.0 mg, Total lipid (fat): 9.52 g, Thiamin: 0.0 mg, Vitamin B-12: 0.95 µg, Fatty acids, total trans: 0.0 g, Cholesterol: 373.0 mg, Fatty acids, total saturated: 3.17 g",0.16/oz,-39.2,-0.6
Wheat bread,WHEAT BREAD,"Flowers Foods, Inc.",267.0 kcal,45.0 g,"Carbohydrate, by difference: 53.33 g, Protein: 11.11 g, Cholesterol: 0.0 mg, Fatty acids, total polyunsaturated: 1.11 g, Vitamin C, total ascorbic acid: 0.0 mg, Fatty acids, total trans: 0.0 g, Potassium, K: 144.0 mg, Fatty acids, total saturated: 0.0 g, Energy: 267.0 kcal, Total lipid (fat): 2.22 g, Fiber, total dietary: 2.2 g, Sodium, Na: 511.0 mg, Calcium, Ca: 89.0 mg, Sugars, total including NLEA: 6.67 g, Fatty acids, total monounsaturated: 0.0 g, Iron, Fe: 2.4 mg, Vitamin A, IU: 0.0 IU",0.12/oz,,
Cornbread,CORNBREAD,"7-Eleven, Inc.",287.0 kcal,94.0 g,"Carbohydrate, by difference: 52.13 g, Fatty acids, total saturated: 2.66 g, Energy: 287.0 kcal, Protein: 4.26 g, Sodium, Na: 500.0 mg, Vitamin A, IU: 106.0 IU, Total lipid (fat): 7.45 g, Fiber, total dietary: 1.1 g, Fatty acids, total trans: 0.0 g, Vitamin C, total ascorbic acid: 0.0 mg, Calcium, Ca: 64.0 mg, Sugars, total including NLEA: 20.21 g, Cholesterol: 48.0 mg, Iron, Fe: 1.15 mg",0.06/oz,,
Oatmeal,OATMEAL,Thomas Brothers Ham Company,378.0 kcal,45.0 IU,"Energy: 378.0 kcal, Potassium, K: 0.0 mg, Calcium, Ca: 44.0 mg, Iron, Fe: 4.0 mg, Sodium, Na: 0.0 mg, Sugars, total including NLEA: 0.0 g, Cholesterol: 0.0 mg, Carbohydrate, by difference: 68.89 g, Vitamin D (D2 + D3), International Units: 0.0 IU, Fatty acids, total trans: 0.0 g, Total lipid (fat): 6.67 g, Fiber, total dietary: 11.1 g, Protein: 11.11 g, Fatty acids, total saturated: 1.11 g",0.11/oz,,
Pancake mix,PANCAKE MIX,Common Ground USA Inc.,333.0 kcal,36.0 g,"Energy: 333.0 kcal, Sugars, total including NLEA: 11.11 g, Total lipid (fat): 0.0 g, Sodium, Na: 472.0 mg, Protein: 5.56 g, Carbohydrate, by difference: 75.0 g",0.07/oz,,
Pasta,PASTA,"The Pasta Shoppe, LLC",340.0 kcal,53.0 g,"Iron, Fe: 5.09 mg, Total lipid (fat): 2.83 g, Vitamin A, IU: 0.0 IU, Calcium, Ca: 38.0 mg, Vitamin C, total ascorbic acid: 4.5 mg, Energy: 340.0 kcal, Sugars, total including NLEA: 3.77 g, Carbohydrate, by difference: 66.04 g, Sodium, Na: 1830.0 mg, Cholesterol: 0.0 mg, Protein: 11.32 g, Fatty acids, total trans: 0.0 g, Fiber, total dietary: 3.8 g, Fatty acids, total saturated: 0.0 g",0.07/oz,,
Rice,RICE,"Windmill Rice Co., LLC",356.0 kcal,45.0 g,"Cholesterol: 0.0 mg, Folate, total: 133.0 µg, Fiber, total dietary: 0.0 g, Niacin: 3.556 mg, Potassium, K: 89.0 mg, Vitamin A, IU: 0.0 IU, Vitamin C, total ascorbic acid: 0.0 mg, Carbohydrate, by difference: 77.78 g, Fatty acids, total saturated: 0.0 g, Thiamin: 0.0 mg, Protein: 6.67 g, Energy: 356.0 kcal, Fatty acids, total trans: 0.0 g, Sugars, total including NLEA: 0.0 g, Sodium, Na: 0.0 mg, Calcium, Ca: 0.0 mg, Iron, Fe: 3.2 mg, Total lipid (fat): 0.0 g",0.89/oz,-2.6,-0.7
Peaches,PEACHES,Kid Vids Educational Entertainment,238.0 kcal,40.0 g,"Fiber, total dietary: 7.5 g, Vitamin A, IU: 2125.0 IU, Total lipid (fat): 0.0 g, Iron, Fe: 3.6 mg, Sodium, Na: 8.0 mg, Carbohydrate, by difference: 62.5 g, Protein: 2.5 g, Vitamin C, total ascorbic acid: 4.5 mg, Sugars, total including NLEA: 42.5 g, Cholesterol: 0.0 mg, Calcium, Ca: 25.0 mg, Fatty acids, total trans: 0.0 g, Fatty acids, total saturated: 0.0 g, Energy: 238.0 kcal",0.09/oz,,
Instant noodles,INSTANT NOODLES,DRAGONFLY,478.0 kcal,120.0 g,"Iron, Fe: 2.25 mg, Calcium, Ca: 33.0 mg, Vitamin A, IU: 0.0 IU, Vitamin C, total ascorbic acid: 0.0 mg, Total lipid (fat): 23.33 g, Sugars, total including NLEA: 4.17 g, Sodium, Na: 2517.0 mg, Cholesterol: 35.0 mg, Energy: 478.0 kcal, Fatty acids, total saturated: 6.67 g, Fiber, total dietary: 0.8 g, Protein: 7.5 g, Carbohydrate, by difference: 60.0 g, Fatty acids, total trans: 0.0 g",0.09/oz,,
Frozen pizza,FROZEN PIZZA,Cape Cod Cafe,251.0 kcal,127.5 g,"Vitamin C, total ascorbic acid: 1.9 mg, Sugars, total including NLEA: 1.57 g, Vitamin A, IU: 392.0 IU, Carbohydrate, by difference: 20.39 g, Energy: 251.0 kcal, Cholesterol: 35.0 mg, Fatty acids, total saturated: 8.63 g, Iron, Fe: 1.41 mg, Fiber, total dietary: 1.6 g, Sodium, Na: 424.0 mg, Fatty acids, total trans: 0.0 g, Protein: 11.76 g, Total lipid (fat): 12.55 g, Calcium, Ca: 235.0 mg",0.25/oz,,
mac and cheese,"Macaroni or noodles with cheese, Easy Mac type",Not specified,110 kcal,None None,"Protein: 3.26 g, Total lipid (fat): 1.86 g, Carbohydrate, by difference: 20.1 g, Energy: 110 kcal, Alcohol, ethyl: 0.0 g, Water: 73.8 g, Caffeine: 0.0 mg, Theobromine: 0.0 mg, Sugars, total including NLEA: 2.33 g, Fiber, total dietary: 0.5 g, Calcium, Ca: 95.0 mg, Iron, Fe: 0.67 mg, Magnesium, Mg: 15.0 mg, Phosphorus, P: 93.0 mg, Potassium, K: 99.0 mg, Sodium, Na: 259 mg, Zinc, Zn: 0.36 mg, Copper, Cu: 0.062 mg, Selenium, Se: 13.5 µg, Retinol: 26.0 µg, Vitamin A, RAE: 27.0 µg, Carotene, beta: 1.0 µg, Carotene, alpha: 0.0 µg, Vitamin E (alpha-tocopherol): 0.04 mg, Vitamin D (D2 + D3): 0.0 µg, Cryptoxanthin, beta: 0.0 µg, Lycopene: 0.0 µg, Lutein + zeaxanthin: 4.0 µg, Vitamin C, total ascorbic acid: 0.0 mg, Thiamin: 0.236 mg, Riboflavin: 0.16 mg, Niacin: 0.992 mg, Vitamin B-6: 0.036 mg, Folate, total: 41.0 µg, Vitamin B-12: 0.22 µg, Choline, total: 9.7 mg, Vitamin K (phylloquinone): 0.1 µg, Folic acid: 37.0 µg, Folate, food: 3.0 µg, Folate, DFE: 66.0 µg, Vitamin E, added: 0.0 mg, Vitamin B-12, added: 0.0 µg, Cholesterol: 2.0 mg, Fatty acids, total saturated: 0.799 g, SFA 4:0: 0.0 g, SFA 6:0: 0.0 g, SFA 8:0: 0.0 g, SFA 10:0: 0.0 g, SFA 12:0: 0.0 g, SFA 14:0: 0.114 g, SFA 16:0: 0.535 g, SFA 18:0: 0.151 g, MUFA 18:1: 0.462 g, PUFA 18:2: 0.564 g, PUFA 18:3: 0.0 g, PUFA 20:4: 0.0 g, PUFA 22:6 n-3 (DHA): 0.0 g, MUFA 16:1: 0.0 g, PUFA 18:4: 0.0 g, MUFA 20:1: 0.0 g, PUFA 20:5 n-3 (EPA): 0.0 g, MUFA 22:1: 0.0 g, PUFA 22:5 n-3 (DPA): 0.0 g, Fatty acids, total monounsaturated: 0.462 g, Fatty acids, total polyunsaturated: 0.564 g",0.36/oz,,
Peanut butter and jelly sandwiches,"Peanut butter and jelly sandwich, NFS",Not specified,373 kcal,None None,"Protein: 11.5 g, Total lipid (fat): 16.5 g, Carbohydrate, by difference: 45.2 g, Energy: 373 kcal, Alcohol, ethyl: 0.0 g, Water: 24.8 g, Caffeine: 0.0 mg, Theobromine: 0.0 mg, Sugars, total including NLEA: 15.0 g, Fiber, total dietary: 2.8 g, Calcium, Ca: 128 mg, Iron, Fe: 2.33 mg, Magnesium, Mg: 64.0 mg, Phosphorus, P: 158 mg, Potassium, K: 233 mg, Sodium, Na: 383 mg, Zinc, Zn: 1.2 mg, Copper, Cu: 0.188 mg, Selenium, Se: 13.7 µg, Retinol: 0.0 µg, Vitamin A, RAE: 0.0 µg, Carotene, beta: 1.0 µg, Carotene, alpha: 0.0 µg, Vitamin E (alpha-tocopherol): 2.72 mg, Vitamin D (D2 + D3): 0.0 µg, Cryptoxanthin, beta: 0.0 µg, Lycopene: 0.0 µg, Lutein + zeaxanthin: 28.0 µg, Vitamin C, total ascorbic acid: 0.2 mg, Thiamin: 0.311 mg, Riboflavin: 0.188 mg, Niacin: 6.36 mg, Vitamin B-6: 0.18 mg, Folate, total: 84.0 µg, Vitamin B-12: 0.0 µg, Choline, total: 27.7 mg, Vitamin K (phylloquinone): 0.2 µg, Folic acid: 46.0 µg, Folate, food: 38.0 µg, Folate, DFE: 117 µg, Vitamin E, added: 0.0 mg, Vitamin B-12, added: 0.0 µg, Cholesterol: 0.0 mg, Fatty acids, total saturated: 3.33 g, SFA 4:0: 0.002 g, SFA 6:0: 0.001 g, SFA 8:0: 0.003 g, SFA 10:0: 0.003 g, SFA 12:0: 0.007 g, SFA 14:0: 0.014 g, SFA 16:0: 1.62 g, SFA 18:0: 0.752 g, MUFA 18:1: 7.44 g, PUFA 18:2: 4.39 g, PUFA 18:3: 0.115 g, PUFA 20:4: 0.006 g, PUFA 22:6 n-3 (DHA): 0.0 g, MUFA 16:1: 0.02 g, PUFA 18:4: 0.0 g, MUFA 20:1: 0.171 g, PUFA 20:5 n-3 (EPA): 0.001 g, MUFA 22:1: 0.013 g, PUFA 22:5 n-3 (DPA): 0.0 g, Fatty acids, total monounsaturated: 7.64 g, Fatty acids, total polyunsaturated: 4.52 g",0.49/oz,,
Canned soups,"Soup, cheese, canned, condensed",Not specified,342.0 kJ,None None,"Water: 81.69 g, Energy: 342.0 kJ, Protein: 0.8 g, Total lipid (fat): 3.92 g, Ash: 2.29 g, Carbohydrate, by difference: 11.3 g, Fiber, total dietary: 2.2 g, Sugars, total including NLEA: 3.73 g, Calcium, Ca: 36.0 mg, Iron, Fe: 0.15 mg, Magnesium, Mg: 12.0 mg, Phosphorus, P: 33.0 mg, Potassium, K: 37.0 mg, Sodium, Na: 692.0 mg, Zinc, Zn: 0.15 mg, Copper, Cu: 0.1 mg, Manganese, Mn: 0.2 mg, Selenium, Se: 3.6 µg, Vitamin C, total ascorbic acid: 0.2 mg, Thiamin: 0.013 mg, Riboflavin: 0.105 mg, Niacin: 0.31 mg, Pantothenic acid: 0.07 mg, Vitamin B-6: 0.02 mg, Folate, total: 3.0 µg, Folic acid: 0.0 µg, Folate, food: 3.0 µg, Folate, DFE: 3.0 µg, Choline, total: 13.3 mg, Vitamin B-12: 0.0 µg, Vitamin B-12, added: 0.0 µg, Vitamin A, RAE: 69.0 µg, Retinol: 69.0 µg, Carotene, beta: 2.0 µg, Carotene, alpha: 0.0 µg, Cryptoxanthin, beta: 0.0 µg, Vitamin A, IU: 235.0 IU, Lycopene: 0.0 µg, Lutein + zeaxanthin: 1.0 µg, Vitamin E (alpha-tocopherol): 0.56 mg, Vitamin E, added: 0.0 mg, Vitamin D (D2 + D3), International Units: 0.0 IU, Vitamin D (D2 + D3): 0.0 µg, Vitamin K (phylloquinone): 4.7 µg, Fatty acids, total saturated: 2.45 g, SFA 4:0: 0.128 g, SFA 6:0: 0.064 g, SFA 8:0: 0.035 g, SFA 10:0: 0.074 g, SFA 12:0: 0.064 g, SFA 14:0: 0.405 g, SFA 16:0: 1.191 g, SFA 18:0: 0.489 g, Fatty acids, total monounsaturated: 1.082 g, MUFA 16:1: 0.123 g, MUFA 18:1: 0.958 g, MUFA 20:1: 0.0 g, MUFA 22:1: 0.0 g, Fatty acids, total polyunsaturated: 0.114 g, PUFA 18:2: 0.069 g, PUFA 18:3: 0.044 g, PUFA 18:4: 0.0 g, PUFA 20:4: 0.0 g, PUFA 20:5 n-3 (EPA): 0.0 g, PUFA 22:5 n-3 (DPA): 0.0 g, PUFA 22:6 n-3 (DHA): 0.0 g, Cholesterol: 3.0 mg, Alcohol, ethyl: 0.0 g, Caffeine: 0.0 mg, Theobromine: 0.0 mg",0.11/oz,,
chili,CHILI,McIlhenny Company,102.0 kcal,236.0 g,"Carbohydrate, by difference: 7.2 g, Total lipid (fat): 5.08 g, Fatty acids, total saturated: 1.69 g, Vitamin A, IU: 212.0 IU, Energy: 102.0 kcal, Protein: 6.78 g, Iron, Fe: 0.61 mg, Fatty acids, total trans: 0.21 g, Sodium, Na: 419.0 mg, Cholesterol: 15.0 mg, Sugars, total including NLEA: 1.27 g, Fiber, total dietary: 0.8 g, Calcium, Ca: 17.0 mg, Vitamin C, total ascorbic acid: 0.0 mg",0.17/oz,,
cream cheese,CREAM CHEESE,"Hy-Vee, Inc.",321.0 kcal,28.0 g,"Cholesterol: 107.0 mg, Fatty acids, total trans: 0.0 g, Protein: 7.14 g, Fiber, total dietary: 0.0 g, Iron, Fe: 0.0 mg, Sodium, Na: 339.0 mg, Vitamin D (D2 + D3), International Units: 0.0 IU, Fatty acids, total saturated: 21.43 g, Energy: 321.0 kcal, Total lipid (fat): 32.14 g, Carbohydrate, by difference: 7.14 g, Sugars, total including NLEA: 3.57 g, Calcium, Ca: 71.0 mg, Potassium, K: 0.0 mg",0.17/oz,,
Chips and salsa,"Salsa verde or salsa, green",Not specified,38.0 kcal,None None,"Protein: 1.13 g, Total lipid (fat): 0.89 g, Carbohydrate, by difference: 6.36 g, Energy: 38.0 kcal, Alcohol, ethyl: 0.0 g, Water: 89.5 g, Caffeine: 0.0 mg, Theobromine: 0.0 mg, Sugars, total including NLEA: 3.5 g, Fiber, total dietary: 1.9 g, Calcium, Ca: 9.0 mg, Iron, Fe: 0.65 mg, Magnesium, Mg: 19.0 mg, Phosphorus, P: 41.0 mg, Potassium, K: 259 mg, Sodium, Na: 906 mg, Zinc, Zn: 0.25 mg, Copper, Cu: 0.081 mg, Selenium, Se: 0.8 µg, Retinol: 0.0 µg, Vitamin A, RAE: 11.0 µg, Carotene, beta: 123 µg, Carotene, alpha: 10.0 µg, Vitamin E (alpha-tocopherol): 0.43 mg, Vitamin D (D2 + D3): 0.0 µg, Cryptoxanthin, beta: 5.0 µg, Lycopene: 0.0 µg, Lutein + zeaxanthin: 422 µg, Vitamin C, total ascorbic acid: 12.3 mg, Thiamin: 0.046 mg, Riboflavin: 0.036 mg, Niacin: 1.62 mg, Vitamin B-6: 0.083 mg, Folate, total: 8.0 µg, Vitamin B-12: 0.0 µg, Choline, total: 7.9 mg, Vitamin K (phylloquinone): 13.6 µg, Folic acid: 0.0 µg, Folate, food: 8.0 µg, Folate, DFE: 8.0 µg, Vitamin E, added: 0.0 mg, Vitamin B-12, added: 0.0 µg, Cholesterol: 0.0 mg, Fatty acids, total saturated: 0.0 g, SFA 4:0: 0.0 g, SFA 6:0: 0.0 g, SFA 8:0: 0.0 g, SFA 10:0: 0.0 g, SFA 12:0: 0.0 g, SFA 14:0: 0.0 g, SFA 16:0: 0.0 g, SFA 18:0: 0.0 g, MUFA 18:1: 0.0 g, PUFA 18:2: 0.0 g, PUFA 18:3: 0.0 g, PUFA 20:4: 0.0 g, PUFA 22:6 n-3 (DHA): 0.0 g, MUFA 16:1: 0.0 g, PUFA 18:4: 0.0 g, MUFA 20:1: 0.0 g, PUFA 20:5 n-3 (EPA): 0.0 g, MUFA 22:1: 0.0 g, PUFA 22:5 n-3 (DPA): 0.0 g, Fatty acids, total monounsaturated: 0.0 g, Fatty acids, total polyunsaturated: 0.0 g",0.30/oz,,
Fruit snacks,FRUIT SNACKS,"The Great Atlantic & Pacific Tea Company, Inc.",391.0 kcal,23.0 g,"Energy: 391.0 kcal, Protein: 0.0 g, Sugars, total including NLEA: 52.17 g, Vitamin C, total ascorbic acid: 260.9 mg, Carbohydrate, by difference: 86.96 g, Fatty acids, total trans: 0.0 g, Total lipid (fat): 4.35 g, Fatty acids, total saturated: 0.0 g, Fiber, total dietary: 0.0 g, Cholesterol: 0.0 mg, Fatty acids, total monounsaturated: 0.0 g, Fatty acids, total polyunsaturated: 0.0 g, Sodium, Na: 109.0 mg",0.24/oz,,
dried fruits,"Fruit mixture, dried",Not specified,298 kcal,None None,"Protein: 2.28 g, Total lipid (fat): 0.62 g, Carbohydrate, by difference: 78.6 g, Energy: 298 kcal, Alcohol, ethyl: 0.0 g, Water: 17.2 g, Caffeine: 0.0 mg, Theobromine: 0.0 mg, Sugars, total including NLEA: 66.3 g, Fiber, total dietary: 4.8 g, Calcium, Ca: 39.0 mg, Iron, Fe: 1.3 mg, Magnesium, Mg: 24.0 mg, Phosphorus, P: 64.0 mg, Potassium, K: 531 mg, Sodium, Na: 32.0 mg, Zinc, Zn: 0.28 mg, Copper, Cu: 0.219 mg, Selenium, Se: 0.9 µg, Retinol: 0.0 µg, Vitamin A, RAE: 25.0 µg, Carotene, beta: 303 µg, Carotene, alpha: 1.0 µg, Vitamin E (alpha-tocopherol): 1.52 mg, Vitamin D (D2 + D3): 0.0 µg, Cryptoxanthin, beta: 3.0 µg, Lycopene: 0.0 µg, Lutein + zeaxanthin: 47.0 µg, Vitamin C, total ascorbic acid: 5.5 mg, Thiamin: 0.065 mg, Riboflavin: 0.087 mg, Niacin: 1.01 mg, Vitamin B-6: 0.146 mg, Folate, total: 10.0 µg, Vitamin B-12: 0.0 µg, Choline, total: 11.8 mg, Vitamin K (phylloquinone): 5.7 µg, Folic acid: 0.0 µg, Folate, food: 10.0 µg, Folate, DFE: 10.0 µg, Vitamin E, added: 0.0 mg, Vitamin B-12, added: 0.0 µg, Cholesterol: 0.0 mg, Fatty acids, total saturated: 0.104 g, SFA 4:0: 0.004 g, SFA 6:0: 0.0 g, SFA 8:0: 0.0 g, SFA 10:0: 0.004 g, SFA 12:0: 0.001 g, SFA 14:0: 0.006 g, SFA 16:0: 0.062 g, SFA 18:0: 0.014 g, MUFA 18:1: 0.126 g, PUFA 18:2: 0.081 g, PUFA 18:3: 0.03 g, PUFA 20:4: 0.0 g, PUFA 22:6 n-3 (DHA): 0.0 g, MUFA 16:1: 0.024 g, PUFA 18:4: 0.0 g, MUFA 20:1: 0.002 g, PUFA 20:5 n-3 (EPA): 0.0 g, MUFA 22:1: 0.002 g, PUFA 22:5 n-3 (DPA): 0.0 g, Fatty acids, total monounsaturated: 0.153 g, Fatty acids, total polyunsaturated: 0.111 g",0.65/oz,,
String cheese,STRING CHEESE,"Louie's Finer Meats, Inc.",286.0 kcal,28.0 GRM,"Fatty acids, total trans: 0.0 g, Fiber, total dietary: 0.0 g, Sugars, total including NLEA: 0.0 g, Vitamin D (D2 + D3), International Units: 0.0 IU, Sodium, Na: 536.0 mg, Carbohydrate, by difference: 3.57 g, Potassium, K: 89.0 mg, Fatty acids, total saturated: 12.5 g, Total lipid (fat): 17.86 g, Calcium, Ca: 682.0 mg, Cholesterol: 71.0 mg, Protein: 25.0 g, Iron, Fe: 0.0 mg, Energy: 286.0 kcal",0.23/oz,,
Protein bar,PROTEIN BAR,Healthsmart Foods Inc. ,294.0 kcal,34.0 g,"Fiber, total dietary: 35.3 g, Cholesterol: 44.0 mg, Carbohydrate, by difference: 47.06 g, Energy: 294.0 kcal, Fatty acids, total trans: 0.0 g, Protein: 26.47 g, Calcium, Ca: 147.0 mg, Iron, Fe: 0.0 mg, Vitamin A, IU: 0.0 IU, Fatty acids, total saturated: 8.82 g, Total lipid (fat): 13.24 g, Vitamin C, total ascorbic acid: 0.0 mg, Sugars, total including NLEA: 0.0 g, Sodium, Na: 397.0 mg",0.40/oz,,
Coffee,COFFEE,Stumptown Coffee Roasters Inc.,1.0 kcal,310.5 ml,"Total lipid (fat): 0.0 g, Fatty acids, total saturated: 0.0 g, Fatty acids, total trans: 0.0 g, Protein: 0.0 g, Sodium, Na: 0.0 mg, Carbohydrate, by difference: 0.32 g, Energy: 1.0 kcal, Sugars, total including NLEA: 0.0 g, Cholesterol: 0.0 mg, Fiber, total dietary: 0.0 g",0.04/oz,,
tea,TEA,Snapple Beverage Corp.,34.0 kcal,473.0 ml,"Total lipid (fat): 0.0 g, Energy: 34.0 kcal, Sodium, Na: 2.0 mg, Protein: 0.0 g, Sugars, total including NLEA: 8.25 g, Carbohydrate, by difference: 8.46 g",0.02/oz,9.2,-2.4
Energy drinks,ENERGY DRINKS,AMP ENERGY,46.0 kcal,480.0 ml,"Niacin: 4.167 mg, Total lipid (fat): 0.0 g, Pantothenic acid: 2.083 mg, Phosphorus, P: 12.0 mg, Riboflavin: 0.354 mg, Sugars, total including NLEA: 11.67 g, Sodium, Na: 38.0 mg, Protein: 0.0 g, Carbohydrate, by difference: 6.46 g, Energy: 46.0 kcal",0.17/oz,,
sports drinks,"Sports drink, NFS",Not specified,26.0 kcal,None None,"Protein: 0.0 g, Total lipid (fat): 0.0 g, Carbohydrate, by difference: 6.43 g, Energy: 26.0 kcal, Alcohol, ethyl: 0.0 g, Water: 93.4 g, Caffeine: 0.0 mg, Theobromine: 0.0 mg, Sugars, total including NLEA: 5.24 g, Fiber, total dietary: 0.0 g, Calcium, Ca: 1.0 mg, Iron, Fe: 0.05 mg, Magnesium, Mg: 0.0 mg, Phosphorus, P: 10.0 mg, Potassium, K: 15.0 mg, Sodium, Na: 39.0 mg, Zinc, Zn: 0.01 mg, Copper, Cu: 0.006 mg, Selenium, Se: 0.0 µg, Retinol: 0.0 µg, Vitamin A, RAE: 0.0 µg, Carotene, beta: 0.0 µg, Carotene, alpha: 0.0 µg, Vitamin E (alpha-tocopherol): 0.0 mg, Vitamin D (D2 + D3): 0.0 µg, Cryptoxanthin, beta: 0.0 µg, Lycopene: 0.0 µg, Lutein + zeaxanthin: 0.0 µg, Vitamin C, total ascorbic acid: 0.4 mg, Thiamin: 0.011 mg, Riboflavin: 0.0 mg, Niacin: 0.22 mg, Vitamin B-6: 0.022 mg, Folate, total: 0.0 µg, Vitamin B-12: 0.0 µg, Choline, total: 0.0 mg, Vitamin K (phylloquinone): 0.2 µg, Folic acid: 0.0 µg, Folate, food: 0.0 µg, Folate, DFE: 0.0 µg, Vitamin E, added: 0.0 mg, Vitamin B-12, added: 0.0 µg, Cholesterol: 0.0 mg, Fatty acids, total saturated: 0.0 g, SFA 4:0: 0.0 g, SFA 6:0: 0.0 g, SFA 8:0: 0.0 g, SFA 10:0: 0.0 g, SFA 12:0: 0.0 g, SFA 14:0: 0.0 g, SFA 16:0: 0.0 g, SFA 18:0: 0.0 g, MUFA 18:1: 0.0 g, PUFA 18:2: 0.0 g, PUFA 18:3: 0.0 g, PUFA 20:4: 0.0 g, PUFA 22:6 n-3 (DHA): 0.0 g, MUFA 16:1: 0.0 g, PUFA 18:4: 0.0 g, MUFA 20:1: 0.0 g, PUFA 20:5 n-3 (EPA): 0.0 g, MUFA 22:1: 0.0 g, PUFA 22:5 n-3 (DPA): 0.0 g, Fatty acids, total monounsaturated: 0.0 g, Fatty acids, total polyunsaturated: 0.0 g",0.05/oz,,
Fruit juices,Fruit juice drink,Not specified,10.0 kcal,None None,"Protein: 0.0 g, Total lipid (fat): 0.0 g, Carbohydrate, by difference: 2.5 g, Energy: 10.0 kcal, Alcohol, ethyl: 0.0 g, Water: 97.5 g, Caffeine: 0.0 mg, Theobromine: 0.0 mg, Sugars, total including NLEA: 2.5 g, Fiber, total dietary: 0.0 g, Calcium, Ca: 0.0 mg, Iron, Fe: 0.0 mg, Magnesium, Mg: 0.0 mg, Phosphorus, P: 0.0 mg, Potassium, K: 0.0 mg, Sodium, Na: 13.0 mg, Zinc, Zn: 0.0 mg, Copper, Cu: 0.0 mg, Selenium, Se: 0.0 µg, Retinol: 0.0 µg, Vitamin A, RAE: 0.0 µg, Carotene, beta: 0.0 µg, Carotene, alpha: 0.0 µg, Vitamin E (alpha-tocopherol): 0.0 mg, Vitamin D (D2 + D3): 0.0 µg, Cryptoxanthin, beta: 0.0 µg, Lycopene: 0.0 µg, Lutein + zeaxanthin: 0.0 µg, Vitamin C, total ascorbic acid: 0.0 mg, Thiamin: 0.0 mg, Riboflavin: 0.0 mg, Niacin: 0.0 mg, Vitamin B-6: 0.0 mg, Folate, total: 0.0 µg, Vitamin B-12: 0.0 µg, Choline, total: 0.0 mg, Vitamin K (phylloquinone): 0.0 µg, Folic acid: 0.0 µg, Folate, food: 0.0 µg, Folate, DFE: 0.0 µg, Vitamin E, added: 0.0 mg, Vitamin B-12, added: 0.0 µg, Cholesterol: 0.0 mg, Fatty acids, total saturated: 0.0 g, SFA 4:0: 0.0 g, SFA 6:0: 0.0 g, SFA 8:0: 0.0 g, SFA 10:0: 0.0 g, SFA 12:0: 0.0 g, SFA 14:0: 0.0 g, SFA 16:0: 0.0 g, SFA 18:0: 0.0 g, MUFA 18:1: 0.0 g, PUFA 18:2: 0.0 g, PUFA 18:3: 0.0 g, PUFA 20:4: 0.0 g, PUFA 22:6 n-3 (DHA): 0.0 g, MUFA 16:1: 0.0 g, PUFA 18:4: 0.0 g, MUFA 20:1: 0.0 g, PUFA 20:5 n-3 (EPA): 0.0 g, MUFA 22:1: 0.0 g, PUFA 22:5 n-3 (DPA): 0.0 g, Fatty acids, total monounsaturated: 0.0 g, Fatty acids, total polyunsaturated: 0.0 g",0.03/oz,,
smoothies,Vegetable smoothie,Not specified,89.0 kcal,None None,"Protein: 2.75 g, Total lipid (fat): 6.63 g, Carbohydrate, by difference: 5.84 g, Energy: 89.0 kcal, Alcohol, ethyl: 0.0 g, Water: 83.6 g, Caffeine: 0.0 mg, Theobromine: 0.0 mg, Sugars, total including NLEA: 2.57 g, Fiber, total dietary: 2.8 g, Calcium, Ca: 73.0 mg, Iron, Fe: 0.41 mg, Magnesium, Mg: 31.0 mg, Phosphorus, P: 73.0 mg, Potassium, K: 349 mg, Sodium, Na: 38.0 mg, Zinc, Zn: 0.51 mg, Copper, Cu: 0.085 mg, Selenium, Se: 1.0 µg, Retinol: 26.0 µg, Vitamin A, RAE: 75.0 µg, Carotene, beta: 570 µg, Carotene, alpha: 9.0 µg, Vitamin E (alpha-tocopherol): 1.12 mg, Vitamin D (D2 + D3): 0.5 µg, Cryptoxanthin, beta: 11.0 µg, Lycopene: 0.0 µg, Lutein + zeaxanthin: 1070.0 µg, Vitamin C, total ascorbic acid: 8.1 mg, Thiamin: 0.064 mg, Riboflavin: 0.143 mg, Niacin: 0.796 mg, Vitamin B-6: 0.157 mg, Folate, total: 50.0 µg, Vitamin B-12: 0.26 µg, Choline, total: 16.7 mg, Vitamin K (phylloquinone): 85.4 µg, Folic acid: 0.0 µg, Folate, food: 50.0 µg, Folate, DFE: 50.0 µg, Vitamin E, added: 0.0 mg, Vitamin B-12, added: 0.0 µg, Cholesterol: 4.0 mg, Fatty acids, total saturated: 1.39 g, SFA 4:0: 0.021 g, SFA 6:0: 0.017 g, SFA 8:0: 0.011 g, SFA 10:0: 0.026 g, SFA 12:0: 0.03 g, SFA 14:0: 0.096 g, SFA 16:0: 1.06 g, SFA 18:0: 0.115 g, MUFA 18:1: 3.64 g, PUFA 18:2: 0.671 g, PUFA 18:3: 0.073 g, PUFA 20:4: 0.001 g, PUFA 22:6 n-3 (DHA): 0.0 g, MUFA 16:1: 0.28 g, PUFA 18:4: 0.0 g, MUFA 20:1: 0.01 g, PUFA 20:5 n-3 (EPA): 0.0 g, MUFA 22:1: 0.0 g, PUFA 22:5 n-3 (DPA): 0.0 g, Fatty acids, total monounsaturated: 3.92 g, Fatty acids, total polyunsaturated: 0.746 g",0.27/oz,,
Soda,SODA,STUBBORN SODA,25.0 kcal,355.0 ml,"Total lipid (fat): 0.0 g, Sugars, total including NLEA: 6.76 g, Carbohydrate, by difference: 6.76 g, Sodium, Na: 15.0 mg, Protein: 0.0 g, Energy: 25.0 kcal",0.04/oz,,
Instant oatmeal,INSTANT OATMEAL,Raley's,371.0 kcal,35.0 g,"Energy: 371.0 kcal, Iron, Fe: 10.29 mg, Sugars, total including NLEA: 25.71 g, Riboflavin: 0.971 mg, Total lipid (fat): 4.29 g, Protein: 8.57 g, Thiamin: 1.0 mg, Fiber, total dietary: 8.6 g, Fiber, soluble: 3.0 g, Carbohydrate, by difference: 77.14 g, Vitamin C, total ascorbic acid: 0.0 mg, Vitamin B-6: 1.143 mg, Vitamin D (D2 + D3), International Units: 229.0 IU, Folate, total: 229.0 µg, Phosphorus, P: 286.0 mg, Fatty acids, total monounsaturated: 1.43 g, Fatty acids, total polyunsaturated: 1.43 g, Vitamin A, IU: 2857.0 IU, Niacin: 11.429 mg, Potassium, K: 329.0 mg, Calcium, Ca: 286.0 mg, Cholesterol: 0.0 mg, Sodium, Na: 457.0 mg, Fatty acids, total trans: 0.0 g, Magnesium, Mg: 114.0 mg, Fatty acids, total saturated: 0.0 g",0.26/oz,,
Toaster pastries,TOASTER PASTRIES,Nash Finch Company,375.0 kcal,104.0 g,"Potassium, K: 304.0 mg, Vitamin B-6: 0.481 mg, Sodium, Na: 250.0 mg, Fatty acids, total trans: 0.0 g, Vitamin D (D2 + D3), International Units: 0.0 IU, Cholesterol: 0.0 mg, Niacin: 1.923 mg, Energy: 375.0 kcal, Thiamin: 0.0 mg, Carbohydrate, by difference: 71.15 g, Iron, Fe: 4.81 mg, Riboflavin: 0.481 mg, Sugars, added: 36.5 g, Fatty acids, total saturated: 4.33 g, Fiber, total dietary: 1.0 g, Protein: 2.88 g, Sugars, total including NLEA: 38.46 g, Total lipid (fat): 8.65 g, Calcium, Ca: 29.0 mg",0.09/oz,,
Frozen waffles,"Waffle, plain, frozen",Not specified,309 kcal,None None,"Protein: 7.42 g, Total lipid (fat): 9.49 g, Carbohydrate, by difference: 48.4 g, Energy: 309 kcal, Alcohol, ethyl: 0.0 g, Water: 31.6 g, Caffeine: 0.0 mg, Theobromine: 0.0 mg, Sugars, total including NLEA: 4.41 g, Fiber, total dietary: 2.6 g, Calcium, Ca: 299 mg, Iron, Fe: 6.59 mg, Magnesium, Mg: 22.0 mg, Phosphorus, P: 444 mg, Potassium, K: 138 mg, Sodium, Na: 530 mg, Zinc, Zn: 0.48 mg, Copper, Cu: 0.037 mg, Selenium, Se: 10.3 µg, Retinol: 437 µg, Vitamin A, RAE: 438 µg, Carotene, beta: 2.0 µg, Carotene, alpha: 0.0 µg, Vitamin E (alpha-tocopherol): 0.68 mg, Vitamin D (D2 + D3): 0.0 µg, Cryptoxanthin, beta: 2.0 µg, Lycopene: 0.0 µg, Lutein + zeaxanthin: 66.0 µg, Vitamin C, total ascorbic acid: 0.0 mg, Thiamin: 0.563 mg, Riboflavin: 0.648 mg, Niacin: 7.94 mg, Vitamin B-6: 1.11 mg, Folate, total: 68.0 µg, Vitamin B-12: 1.62 µg, Choline, total: 28.1 mg, Vitamin K (phylloquinone): 12.5 µg, Folic acid: 55.0 µg, Folate, food: 13.0 µg, Folate, DFE: 107 µg, Vitamin E, added: 0.0 mg, Vitamin B-12, added: 1.5 µg, Cholesterol: 13.0 mg, Fatty acids, total saturated: 2.28 g, SFA 4:0: 0.005 g, SFA 6:0: 0.003 g, SFA 8:0: 0.0 g, SFA 10:0: 0.0 g, SFA 12:0: 0.0 g, SFA 14:0: 0.027 g, SFA 16:0: 1.2 g, SFA 18:0: 0.967 g, MUFA 18:1: 5.23 g, PUFA 18:2: 1.4 g, PUFA 18:3: 0.099 g, PUFA 20:4: 0.004 g, PUFA 22:6 n-3 (DHA): 0.008 g, MUFA 16:1: 0.022 g, PUFA 18:4: 0.003 g, MUFA 20:1: 0.04 g, PUFA 20:5 n-3 (EPA): 0.013 g, MUFA 22:1: 0.0 g, PUFA 22:5 n-3 (DPA): 0.0 g, Fatty acids, total monounsaturated: 5.29 g, Fatty acids, total polyunsaturated: 1.5 g",0.14/oz,,
Salads,"Salad dressing, NFS, for salads",Not specified,430 kcal,None None,"Protein: 1.32 g, Total lipid (fat): 44.5 g, Carbohydrate, by difference: 5.9 g, Energy: 430 kcal, Alcohol, ethyl: 0.0 g, Water: 45.7 g, Caffeine: 0.0 mg, Theobromine: 0.0 mg, Sugars, total including NLEA: 4.69 g, Fiber, total dietary: 0.0 g, Calcium, Ca: 28.0 mg, Iron, Fe: 0.3 mg, Magnesium, Mg: 5.0 mg, Phosphorus, P: 186 mg, Potassium, K: 64.0 mg, Sodium, Na: 901 mg, Zinc, Zn: 0.17 mg, Copper, Cu: 0.019 mg, Selenium, Se: 3.5 µg, Retinol: 13.0 µg, Vitamin A, RAE: 15.0 µg, Carotene, beta: 14.0 µg, Carotene, alpha: 0.0 µg, Vitamin E (alpha-tocopherol): 2.22 mg, Vitamin D (D2 + D3): 0.1 µg, Cryptoxanthin, beta: 1.0 µg, Lycopene: 0.0 µg, Lutein + zeaxanthin: 21.0 µg, Vitamin C, total ascorbic acid: 0.0 mg, Thiamin: 0.015 mg, Riboflavin: 0.087 mg, Niacin: 0.054 mg, Vitamin B-6: 0.03 mg, Folate, total: 4.0 µg, Vitamin B-12: 0.17 µg, Choline, total: 32.8 mg, Vitamin K (phylloquinone): 134 µg, Folic acid: 0.0 µg, Folate, food: 4.0 µg, Folate, DFE: 4.0 µg, Vitamin E, added: 0.0 mg, Vitamin B-12, added: 0.0 µg, Cholesterol: 26.0 mg, Fatty acids, total saturated: 6.96 g, SFA 4:0: 0.006 g, SFA 6:0: 0.004 g, SFA 8:0: 0.037 g, SFA 10:0: 0.036 g, SFA 12:0: 0.013 g, SFA 14:0: 0.067 g, SFA 16:0: 4.62 g, SFA 18:0: 1.84 g, MUFA 18:1: 8.95 g, PUFA 18:2: 22.3 g, PUFA 18:3: 3.42 g, PUFA 20:4: 0.03 g, PUFA 22:6 n-3 (DHA): 0.004 g, MUFA 16:1: 0.056 g, PUFA 18:4: 0.0 g, MUFA 20:1: 0.123 g, PUFA 20:5 n-3 (EPA): 0.0 g, MUFA 22:1: 0.048 g, PUFA 22:5 n-3 (DPA): 0.0 g, Fatty acids, total monounsaturated: 9.2 g, Fatty acids, total polyunsaturated: 25.8 g",0.31/oz,,
Hummus,HUMMUS,"Kosher Provision, Inc.",321.0 kcal,28.0 g,"Sugars, total including NLEA: 3.57 g, Cholesterol: 0.0 mg, Calcium, Ca: 71.0 mg, Total lipid (fat): 28.57 g, Energy: 321.0 kcal, Vitamin C, total ascorbic acid: 8.6 mg, Sodium, Na: 464.0 mg, Fatty acids, total trans: 0.0 g, Fiber, total dietary: 7.1 g, Carbohydrate, by difference: 21.43 g, Iron, Fe: 1.29 mg, Fatty acids, total saturated: 3.57 g, Protein: 7.14 g, Vitamin A, IU: 357.0 IU",0.28/oz,,
pita bread,PITA BREAD,Middle East Bakery Inc,231.0 kcal,39.0 g,"Fatty acids, total trans: 0.0 g, Protein: 10.26 g, Iron, Fe: 2.77 mg, Energy: 231.0 kcal, Fiber, total dietary: 5.1 g, Total lipid (fat): 2.56 g, Sodium, Na: 308.0 mg, Vitamin A, IU: 0.0 IU, Calcium, Ca: 154.0 mg, Fatty acids, total saturated: 0.0 g, Sugars, total including NLEA: 0.0 g, Cholesterol: 0.0 mg, Carbohydrate, by difference: 43.59 g, Vitamin C, total ascorbic acid: 0.0 mg",0.24/oz,,
frozen vegetables,"Lasagna, Vegetable, frozen, baked",Not specified,580.0 kJ,None None,"Water: 71.24 g, Energy: 580.0 kJ, Protein: 6.87 g, Total lipid (fat): 6.04 g, Ash: 1.66 g, Carbohydrate, by difference: 14.18 g, Fiber, total dietary: 1.9 g, Sugars, total including NLEA: 2.54 g, Calcium, Ca: 150.0 mg, Iron, Fe: 0.55 mg, Magnesium, Mg: 21.0 mg, Phosphorus, P: 140.0 mg, Potassium, K: 170.0 mg, Sodium, Na: 445.0 mg, Zinc, Zn: 0.87 mg, Copper, Cu: 0.073 mg, Manganese, Mn: 0.191 mg, Selenium, Se: 14.1 µg, Vitamin C, total ascorbic acid: 1.1 mg, Thiamin: 0.117 mg, Riboflavin: 0.185 mg, Niacin: 0.81 mg, Pantothenic acid: 0.197 mg, Vitamin B-6: 0.102 mg, Folate, total: 14.0 µg, Folic acid: 1.0 µg, Folate, food: 12.0 µg, Folate, DFE: 14.0 µg, Choline, total: 12.3 mg, Vitamin B-12: 0.59 µg, Vitamin B-12, added: 0.0 µg, Vitamin A, RAE: 68.0 µg, Retinol: 42.0 µg, Carotene, beta: 256.0 µg, Carotene, alpha: 90.0 µg, Cryptoxanthin, beta: 5.0 µg, Vitamin A, IU: 647.0 IU, Lycopene: 0.0 µg, Lutein + zeaxanthin: 101.0 µg, Vitamin E (alpha-tocopherol): 0.46 mg, Vitamin E, added: 0.0 mg, Vitamin D (D2 + D3), International Units: 0.0 IU, Vitamin D (D2 + D3): 0.0 µg, Vitamin K (phylloquinone): 17.8 µg, Fatty acids, total saturated: 2.866 g, SFA 4:0: 0.134 g, SFA 6:0: 0.035 g, SFA 8:0: 0.041 g, SFA 10:0: 0.101 g, SFA 12:0: 0.112 g, SFA 13:0: 0.0 g, SFA 14:0: 0.396 g, SFA 15:0: 0.035 g, SFA 16:0: 1.384 g, SFA 17:0: 0.024 g, SFA 18:0: 0.597 g, SFA 20:0: 0.006 g, SFA 22:0: 0.0 g, SFA 24:0: 0.0 g, Fatty acids, total monounsaturated: 1.721 g, MUFA 14:1: 0.024 g, MUFA 15:1: 0.0 g, MUFA 16:1: 0.059 g, MUFA 17:1: 0.006 g, MUFA 18:1: 1.627 g, MUFA 20:1: 0.006 g, MUFA 22:1: 0.0 g, MUFA 24:1 c: 0.0 g, Fatty acids, total polyunsaturated: 1.337 g, PUFA 18:2: 1.154 g, PUFA 18:3: 0.16 g, PUFA 18:4: 0.024 g, PUFA 20:2 n-6 c,c: 0.0 g, PUFA 20:3: 0.0 g, PUFA 20:4: 0.0 g, PUFA 20:5 n-3 (EPA): 0.0 g, PUFA 21:5: 0.0 g, PUFA 22:4: 0.0 g, PUFA 22:5 n-3 (DPA): 0.0 g, PUFA 22:6 n-3 (DHA): 0.0 g, Cholesterol: 14.0 mg, Tryptophan: 0.111 g, Threonine: 0.25 g, Isoleucine: 0.293 g, Leucine: 0.517 g, Lysine: 0.295 g, Methionine: 0.121 g, Cystine: 0.093 g, Phenylalanine: 0.294 g, Tyrosine: 0.244 g, Valine: 0.343 g, Arginine: 0.189 g, Histidine: 0.151 g, Alanine: 0.207 g, Aspartic acid: 0.422 g, Glutamic acid: 1.519 g, Glycine: 0.158 g, Proline: 0.664 g, Serine: 0.26 g, Hydroxyproline: 0.0 g, Alcohol, ethyl: 0.0 g, Caffeine: 0.0 mg, Theobromine: 0.0 mg",0.08/oz,,
Ice cream,ICE CREAM,"Clover Stornetta Farms, Inc.",205.0 kcal,88.0 g,"Energy: 205.0 kcal, Carbohydrate, by difference: 25.0 g, Iron, Fe: 0.0 mg, Vitamin A, IU: 398.0 IU, Sugars, total including NLEA: 18.18 g, Calcium, Ca: 68.0 mg, Fatty acids, total trans: 0.0 g, Total lipid (fat): 10.23 g, Sodium, Na: 51.0 mg, Protein: 2.27 g, Fiber, total dietary: 0.0 g, Cholesterol: 23.0 mg, Vitamin C, total ascorbic acid: 2.0 mg, Fatty acids, total saturated: 7.95 g",0.17/oz,,
cookies,COOKIES,KNO,441.0 kcal,100.0 g,"Fiber, total dietary: 0.0 g, Sodium, Na: 0.0 mg, Cholesterol: 0.0 mg, Fatty acids, total saturated: 0.0 g, Carbohydrate, by difference: 68.37 g, Fatty acids, total trans: 0.0 g, Sugars, total including NLEA: 20.0 g, Energy: 441.0 kcal, Protein: 7.37 g, Total lipid (fat): 13.26 g",0.20/oz,,
brownies,BROWNIES,TWO-BITE,460.0 kcal,50.0 g,"Iron, Fe: 2.88 mg, Fiber, total dietary: 0.0 g, Calcium, Ca: 0.0 mg, Carbohydrate, by difference: 56.0 g, Fatty acids, total trans: 0.0 g, Energy: 460.0 kcal, Sugars, total including NLEA: 38.0 g, Total lipid (fat): 26.0 g, Protein: 2.0 g, Vitamin C, total ascorbic acid: 0.0 mg, Sodium, Na: 190.0 mg, Cholesterol: 0.0 mg, Fatty acids, total saturated: 7.0 g, Vitamin A, IU: 0.0 IU",0.34/oz,,
Pizza rolls,Pizza rolls,Not specified,345 kcal,None None,"Protein: 9.19 g, Total lipid (fat): 10.5 g, Carbohydrate, by difference: 53.4 g, Energy: 345 kcal, Alcohol, ethyl: 0.0 g, Water: 24.1 g, Caffeine: 0.0 mg, Theobromine: 0.0 mg, Sugars, total including NLEA: 3.94 g, Fiber, total dietary: 1.3 g, Calcium, Ca: 132 mg, Iron, Fe: 1.9 mg, Magnesium, Mg: 21.0 mg, Phosphorus, P: 144 mg, Potassium, K: 317 mg, Sodium, Na: 631 mg, Zinc, Zn: 0.77 mg, Copper, Cu: 0.138 mg, Selenium, Se: 12.7 µg, Retinol: 47.0 µg, Vitamin A, RAE: 63.0 µg, Carotene, beta: 198 µg, Carotene, alpha: 7.0 µg, Vitamin E (alpha-tocopherol): 1.67 mg, Vitamin D (D2 + D3): 0.0 µg, Cryptoxanthin, beta: 0.0 µg, Lycopene: 6190.0 µg, Lutein + zeaxanthin: 4.0 µg, Vitamin C, total ascorbic acid: 0.0 mg, Thiamin: 0.17 mg, Riboflavin: 0.201 mg, Niacin: 1.97 mg, Vitamin B-6: 0.066 mg, Folate, total: 34.0 µg, Vitamin B-12: 0.27 µg, Choline, total: 13.5 mg, Vitamin K (phylloquinone): 4.8 µg, Folic acid: 26.0 µg, Folate, food: 8.0 µg, Folate, DFE: 52.0 µg, Vitamin E, added: 0.0 mg, Vitamin B-12, added: 0.0 µg, Cholesterol: 6.0 mg, Fatty acids, total saturated: 2.62 g, SFA 4:0: 0.053 g, SFA 6:0: 0.011 g, SFA 8:0: 0.013 g, SFA 10:0: 0.026 g, SFA 12:0: 0.021 g, SFA 14:0: 0.177 g, SFA 16:0: 1.55 g, SFA 18:0: 0.714 g, MUFA 18:1: 3.96 g, PUFA 18:2: 2.78 g, PUFA 18:3: 0.211 g, PUFA 20:4: 0.0 g, PUFA 22:6 n-3 (DHA): 0.0 g, MUFA 16:1: 0.069 g, PUFA 18:4: 0.0 g, MUFA 20:1: 0.0 g, PUFA 20:5 n-3 (EPA): 0.0 g, MUFA 22:1: 0.0 g, PUFA 22:5 n-3 (DPA): 0.0 g, Fatty acids, total monounsaturated: 4.05 g, Fatty acids, total polyunsaturated: 3.0 g",0.19/oz,,
mozzarella sticks,MOZZARELLA STICKS,"The Great Atlantic & Pacific Tea Company, Inc.",364.0 kcal,33.0 g,"Vitamin A, IU: 303.0 IU, Vitamin C, total ascorbic acid: 0.0 mg, Sodium, Na: 848.0 mg, Energy: 364.0 kcal, Cholesterol: 30.0 mg, Calcium, Ca: 303.0 mg, Total lipid (fat): 21.21 g, Fiber, total dietary: 0.0 g, Fatty acids, total trans: 0.0 g, Protein: 12.12 g, Carbohydrate, by difference: 33.33 g, Sugars, total including NLEA: 0.0 g, Iron, Fe: 1.09 mg, Fatty acids, total saturated: 7.58 g",0.25/oz,,
